,strAccount,strText,DateTime,fltCompound,fltPositive,fltNeutral,fltNegative,hrsApart
0,@BBC,"If you put all the man hours together, it would be 75 years of someone's life to do all the visual effects on Paddi‚Ä¶ https://t.co/qXDiEDggSw",2017-12-14 19:00:04,0.0,0.0,1.0,0.0,0
1,@BBC,"Scientists have unveiled a detailed genetic map of Ireland, revealing subtle DNA differences that may reflect histo‚Ä¶ https://t.co/90QIQbSpKg",2017-12-14 18:30:10,0.0,0.0,1.0,0.0,0
2,@BBC,"üç†ü•ïü•ë Here are our favourite vegetarian dishes to help herbivores up their protein intake, iron and fibre.‚Ä¶ https://t.co/1bq9ZNdozI",2017-12-14 18:00:33,0.4019,0.137,0.863,0.0,0
3,@BBC,üëΩ 'Ask them if they believe in aliens' + 6 other awkward Christmas party conversation starters to help you survive‚Ä¶ https://t.co/SIwOyxXkqj,2017-12-14 17:30:10,0.5859,0.245,0.682,0.073,0
4,@BBC,"üôÑ
Looking up or rolling eyes?

Via @BBCScotland. https://t.co/d6W5jfMNIg",2017-12-14 17:00:05,0.0,0.0,1.0,0.0,0
5,@BBC,"üéûüéµüé® Gospel singer and civil rights activist @MavisStaples reveals her current picks for theatre, music and film. üëâ‚Ä¶ https://t.co/fNllKUJwMW",2017-12-14 14:00:08,0.0,0.0,1.0,0.0,0
6,@BBC,"üéÑ @LiamPayne, @ddlovato &amp; @Camila_Cabello will all present Christmas Day shows on @BBCR1. üëâ https://t.co/1k9h7hNZ3r‚Ä¶ https://t.co/FAVRZRPkX1",2017-12-14 13:30:06,0.0,0.0,1.0,0.0,0
7,@BBC,"‚ùÑÔ∏è‚õÑÔ∏è How cold can it get at work before you can legally go home? https://t.co/RCSDvZZRxg

We were all thinking it... https://t.co/9DWTOhCFL0",2017-12-14 13:03:04,0.1027,0.065,0.935,0.0,0
8,@BBC,RT @BBCNewsround: What do the @UKRobotWars house bots do on their day off? Shovel snow of course! ‚ùÑ https://t.co/krB7oQIEBR https://t.co/0l‚Ä¶,2017-12-14 12:46:06,0.0,0.0,1.0,0.0,0
9,@BBC,"RT @BBC6Music: What was your favourite album of 2017? 

Here's Jodie Whittaker (@bbcdoctorwho / @BroadchurchTV) sharing her favourite. #201‚Ä¶",2017-12-14 12:45:09,0.4215,0.141,0.859,0.0,0
10,@BBC,"The awkward moment when Graham gets the wrong Gallagher brother. üò¨

The Graham Norton Show | @BBCOne https://t.co/B7PGlaPmXw",2017-12-14 12:30:04,-0.5719,0.0,0.749,0.251,0
11,@BBC,"RT @BBCNews: 53 adults, 18 children üíö
#GrenfellTower

https://t.co/0lM54Cvw07 https://t.co/vJAhXktYRe",2017-12-14 12:27:47,0.0,0.0,1.0,0.0,0
12,@BBC,"RT @BBCR1: üé∂ We're dreaming of a @LondonGrammar Christmas album üé∂

How heavenly is this? üéÑüí´ https://t.co/Xh7aHEXCWt",2017-12-14 12:25:25,0.6124,0.235,0.765,0.0,0
13,@BBC,"RT @BBCR1: üéº üéªüé∂‚ú®

@LondonGrammar + a string quintet is SO heavenly!

Stay tuned for their Christmas Live Lounge cover... https://t.co/a2yVo‚Ä¶",2017-12-14 12:12:46,0.7444,0.238,0.762,0.0,0
14,@BBC,RT @bbcpress: Special event staged at London Palladium in honour of Sir Bruce Forsyth will be aired on @BBCOne: https://t.co/JTbcFk2PXj htt‚Ä¶,2017-12-14 12:01:41,0.7506,0.252,0.748,0.0,0
15,@BBC,"He proposed to his wife naked in a vegetable garden... üò≥üçÜüíç

10 Things we learned about @KelseyGrammer from his‚Ä¶ https://t.co/novuBDLLSE",2017-12-14 12:00:08,0.0,0.0,1.0,0.0,0
16,@BBC,"Did you know that the ability for adults to digest milk is a relatively recent genetic mutation?
Here are 3 quirky‚Ä¶ https://t.co/q4ivJ3J8Lr",2017-12-14 11:00:09,0.3182,0.108,0.892,0.0,0
17,@BBC,"The mercury plummeted over the weekend in Scotland, reaching as low as -11.3 degrees at Dalwhinnie!
Here are your p‚Ä¶ https://t.co/nHWTU8tAPa",2017-12-14 10:00:15,-0.1511,0.078,0.819,0.103,0
18,@BBC,How a vertical village can bring a community together. üå±‚ù§Ô∏èÔ∏è https://t.co/SZvVg2U7EX https://t.co/bwazhnIJxv,2017-12-14 09:00:06,0.0,0.0,1.0,0.0,0
19,@BBC,"'I'm not an eco-warrior, I'm just a normal mum.' 
Chrissy is trying to reduce the amount of plastic her family thro‚Ä¶ https://t.co/Cb83chprZk",2017-12-14 08:40:04,0.0,0.0,1.0,0.0,0
20,@BBC,"If you put all the man hours together, it would be 75 years of someone's life to do all the visual effects on Paddi‚Ä¶ https://t.co/qXDiEDggSw",2017-12-14 19:00:04,0.0,0.0,1.0,0.0,0
21,@BBC,"Scientists have unveiled a detailed genetic map of Ireland, revealing subtle DNA differences that may reflect histo‚Ä¶ https://t.co/90QIQbSpKg",2017-12-14 18:30:10,0.0,0.0,1.0,0.0,0
22,@BBC,"üç†ü•ïü•ë Here are our favourite vegetarian dishes to help herbivores up their protein intake, iron and fibre.‚Ä¶ https://t.co/1bq9ZNdozI",2017-12-14 18:00:33,0.4019,0.137,0.863,0.0,0
23,@BBC,üëΩ 'Ask them if they believe in aliens' + 6 other awkward Christmas party conversation starters to help you survive‚Ä¶ https://t.co/SIwOyxXkqj,2017-12-14 17:30:10,0.5859,0.245,0.682,0.073,0
24,@BBC,"üôÑ
Looking up or rolling eyes?

Via @BBCScotland. https://t.co/d6W5jfMNIg",2017-12-14 17:00:05,0.0,0.0,1.0,0.0,0
25,@BBC,"üéûüéµüé® Gospel singer and civil rights activist @MavisStaples reveals her current picks for theatre, music and film. üëâ‚Ä¶ https://t.co/fNllKUJwMW",2017-12-14 14:00:08,0.0,0.0,1.0,0.0,0
26,@BBC,"üéÑ @LiamPayne, @ddlovato &amp; @Camila_Cabello will all present Christmas Day shows on @BBCR1. üëâ https://t.co/1k9h7hNZ3r‚Ä¶ https://t.co/FAVRZRPkX1",2017-12-14 13:30:06,0.0,0.0,1.0,0.0,0
27,@BBC,"‚ùÑÔ∏è‚õÑÔ∏è How cold can it get at work before you can legally go home? https://t.co/RCSDvZZRxg

We were all thinking it... https://t.co/9DWTOhCFL0",2017-12-14 13:03:04,0.1027,0.065,0.935,0.0,0
28,@BBC,RT @BBCNewsround: What do the @UKRobotWars house bots do on their day off? Shovel snow of course! ‚ùÑ https://t.co/krB7oQIEBR https://t.co/0l‚Ä¶,2017-12-14 12:46:06,0.0,0.0,1.0,0.0,0
29,@BBC,"RT @BBC6Music: What was your favourite album of 2017? 

Here's Jodie Whittaker (@bbcdoctorwho / @BroadchurchTV) sharing her favourite. #201‚Ä¶",2017-12-14 12:45:09,0.4215,0.141,0.859,0.0,0
30,@BBC,"The awkward moment when Graham gets the wrong Gallagher brother. üò¨

The Graham Norton Show | @BBCOne https://t.co/B7PGlaPmXw",2017-12-14 12:30:04,-0.5719,0.0,0.749,0.251,0
31,@BBC,"RT @BBCNews: 53 adults, 18 children üíö
#GrenfellTower

https://t.co/0lM54Cvw07 https://t.co/vJAhXktYRe",2017-12-14 12:27:47,0.0,0.0,1.0,0.0,0
32,@BBC,"RT @BBCR1: üé∂ We're dreaming of a @LondonGrammar Christmas album üé∂

How heavenly is this? üéÑüí´ https://t.co/Xh7aHEXCWt",2017-12-14 12:25:25,0.6124,0.235,0.765,0.0,0
33,@BBC,"RT @BBCR1: üéº üéªüé∂‚ú®

@LondonGrammar + a string quintet is SO heavenly!

Stay tuned for their Christmas Live Lounge cover... https://t.co/a2yVo‚Ä¶",2017-12-14 12:12:46,0.7444,0.238,0.762,0.0,0
34,@BBC,RT @bbcpress: Special event staged at London Palladium in honour of Sir Bruce Forsyth will be aired on @BBCOne: https://t.co/JTbcFk2PXj htt‚Ä¶,2017-12-14 12:01:41,0.7506,0.252,0.748,0.0,0
35,@BBC,"He proposed to his wife naked in a vegetable garden... üò≥üçÜüíç

10 Things we learned about @KelseyGrammer from his‚Ä¶ https://t.co/novuBDLLSE",2017-12-14 12:00:08,0.0,0.0,1.0,0.0,0
36,@BBC,"Did you know that the ability for adults to digest milk is a relatively recent genetic mutation?
Here are 3 quirky‚Ä¶ https://t.co/q4ivJ3J8Lr",2017-12-14 11:00:09,0.3182,0.108,0.892,0.0,0
37,@BBC,"The mercury plummeted over the weekend in Scotland, reaching as low as -11.3 degrees at Dalwhinnie!
Here are your p‚Ä¶ https://t.co/nHWTU8tAPa",2017-12-14 10:00:15,-0.1511,0.078,0.819,0.103,0
38,@BBC,How a vertical village can bring a community together. üå±‚ù§Ô∏èÔ∏è https://t.co/SZvVg2U7EX https://t.co/bwazhnIJxv,2017-12-14 09:00:06,0.0,0.0,1.0,0.0,0
39,@BBC,"'I'm not an eco-warrior, I'm just a normal mum.' 
Chrissy is trying to reduce the amount of plastic her family thro‚Ä¶ https://t.co/Cb83chprZk",2017-12-14 08:40:04,0.0,0.0,1.0,0.0,0
40,@BBC,"The extent with which we use our unconscious mind is enormous ‚Äì and the more we use it, the better we perform many‚Ä¶ https://t.co/HYw72pkMD4",2017-12-14 08:20:03,0.4404,0.116,0.884,0.0,0
41,@BBC,"'As long as I get the strength to do it, I'll carry on.' üíï
Via @BBCStories. https://t.co/K3NBJzFyID",2017-12-14 08:00:01,0.4939,0.186,0.814,0.0,0
42,@BBC,"In a quiet corner of northern Europe exists a geopolitical anomaly, where many buildings have an international bord‚Ä¶ https://t.co/U0BoEVqWwY",2017-12-14 07:38:04,0.0,0.0,1.0,0.0,0
43,@BBC,London's Euston station will be turned into a shelter for the homeless on Christmas Day. ‚ù§Ô∏èÔ∏èüéÅ‚Ä¶ https://t.co/Y834ULzLu5,2017-12-13 20:00:10,0.0,0.0,1.0,0.0,0
44,@BBC,üêò Why you must never pee in front of elephants... and more surprising facts. üëâ https://t.co/Bz8ncFjAfa https://t.co/o2vs4NJDK0,2017-12-13 19:31:04,0.3384,0.146,0.854,0.0,0
45,@BBC,"It‚Äôs spicy, it's tangy &amp; it'll warm you right up. üç≤üòã
Get the full recipe for @Rick_Stein's Sopa Azteca here. üëâ‚Ä¶ https://t.co/jLcGMawMgO",2017-12-13 19:00:02,0.2263,0.083,0.917,0.0,0
46,@BBC,Princess Margaret broke all the royal rules long before Prince Harry. üëë https://t.co/RffK1BgQG0 https://t.co/TMnsg71XDB,2017-12-13 18:32:04,-0.4215,0.0,0.811,0.189,0
47,@BBC,"C√≤sagach: A feeling of being snug, sheltered or cosy. ü§ó
Scotland could offer visitors a rival to the Danish concept‚Ä¶ https://t.co/XlVpqlvaTV",2017-12-13 18:00:12,0.128,0.081,0.919,0.0,0
48,@BBC,"Dwayne Johnson, president, 2020?

The Graham Norton Show | @BBCOne https://t.co/TfDdY43IER",2017-12-13 17:30:01,0.0,0.0,1.0,0.0,0
49,@BBC,"RT @bbcgenome: #OTD 2006, @StephenMerchant won a British Comedy Award for his role in Extras. Here he is pictured alongside @rickygervais a‚Ä¶",2017-12-13 17:23:02,0.8658,0.35,0.65,0.0,0
50,@BBC,"'Tartes of flesh' used to include pork, hard-boiled eggs, cheese, spices, saffron, &amp; sugar in the 1300s. üò¨

This is‚Ä¶ https://t.co/39MHfYnQ6Y",2017-12-13 17:00:14,0.0,0.0,1.0,0.0,0
51,@BBC,'Meghan Markle' and 'fidget spinners' top UK Google search for 2017. https://t.co/hYKDDFVfPL https://t.co/YCbpX1K8yC,2017-12-13 15:49:03,0.2023,0.13,0.87,0.0,0
52,@BBC,RT @BBCNewsEnts: Peter Kay fans will be pleased to hear his final 2 Car Share episodes have already been filmed and will be screened next y‚Ä¶,2017-12-13 15:39:29,0.6249,0.181,0.819,0.0,0
53,@BBC,"Whether you're filling hampers or catering for a party, we've got all the biscuit recipes you need for a perfect Ch‚Ä¶ https://t.co/9csfsG53Le",2017-12-13 15:12:05,0.7506,0.262,0.738,0.0,0
54,@BBC,This guy made a candy cane pizza and we might need to cancel Christmas. üíàüôÖ https://t.co/6DGfL53C2O https://t.co/W0pvpj4V4d,2017-12-13 14:37:03,-0.25,0.0,0.882,0.118,0
55,@BBC,"When cold air meets warm air, ice crystals form six-sided shapes around a speck of dust, creating a snowflake! ‚ùÑÔ∏è
W‚Ä¶ https://t.co/NAgUr0xHZq",2017-12-13 14:03:03,0.5255,0.196,0.804,0.0,0
56,@BBC,"Being friends with George Clooney is probably cool enough...
Now it's been revealed he's given $1 million to each o‚Ä¶ https://t.co/AK3GUd8UXq",2017-12-13 13:30:05,0.6597,0.221,0.779,0.0,0
57,@BBC,RT @bbcthree: PLOT TWIST. #TheApprentice https://t.co/eIpXZy7Jm2,2017-12-13 13:14:21,0.0,0.0,1.0,0.0,0
58,@BBC,RT @bbccomedy: French and Saunders celebrate 300 years in showbiz! üôå @FerriFrump @Dawn_French https://t.co/X8WgKukZ8W,2017-12-13 13:11:33,0.6114,0.25,0.75,0.0,0
59,@BBC,"'It was brilliant to sweep in to a room and say, ""hokey-cokey pig in a pokey, good morning job seekers!""'

Who's ex‚Ä¶ https://t.co/Ejnm3jvDOP",2017-12-13 13:00:02,0.7901,0.269,0.731,0.0,0
60,@BBC,"This woman is showing people how to turn their food pics into #FoodPorn. üç©ü§§
Via BBC Minute. https://t.co/sScwTTcPuB",2017-12-13 12:30:02,0.0,0.0,1.0,0.0,0
61,@BBC,"RT @BBCR1: ‚ö°Ô∏è @SamSmithWorld got everyone in their feelings with his Christmas cover üò≠üéÑ

https://t.co/Y1B16frQ4p",2017-12-13 12:27:30,0.0,0.0,1.0,0.0,0
62,@BBC,"RT @BBCR1: How stunning is this? 

@SamSmithWorld covering Have Yourself A Merry Little Christmas is totally perfect. üí´ https://t.co/7rJdEM‚Ä¶",2017-12-13 12:21:18,0.8777,0.419,0.581,0.0,0
63,@BBC,"RT @BBCR1: THAT VOICE üòç

So good to have @SamSmithWorld back in the Live Lounge. One Last Song sounds SO beautiful (and pretty festive, no?‚Ä¶",2017-12-13 12:09:04,0.9455,0.433,0.567,0.0,0
64,@BBC,Late Junction has spent the year traversing the outer edges of musical experimentation to find the most interesting‚Ä¶ https://t.co/D9YD5pVIDU,2017-12-13 12:00:08,0.0,0.0,1.0,0.0,0
65,@BBC,"RT @bbcmusic: üòé @Harry_Styles stepped in to host @JKCorden's TV show last night (with 2.5 hours notice!)
üëâ https://t.co/KMPl2POLrC https://‚Ä¶",2017-12-13 11:52:55,0.0,0.0,1.0,0.0,0
66,@BBC,"RT @BBCTwo: In 2012, Daniel lost both his legs after being run over by a police vehicle.

Since then, he's applied for over 800 jobs... but‚Ä¶",2017-12-13 11:42:41,-0.3182,0.0,0.913,0.087,0
67,@BBC,"French and Saunders celebrate 300 years in showbiz. üôå

Full interview üëâ https://t.co/rompNHRjh8

300 Years of Frenc‚Ä¶ https://t.co/kzA69viRu4",2017-12-13 10:39:21,0.5719,0.198,0.802,0.0,0
68,@BBC,"'Rousing.' 'Thrilling.' 'Addictively bold.'
Just a few of the superlatives critics are using to describe the latest‚Ä¶ https://t.co/nIKR8Odx8e",2017-12-13 10:18:11,-0.296,0.0,0.879,0.121,0
69,@BBC,"Coronary heart disease is the biggest killer in the UK, causing almost 74,000 deaths each year. 
üí™‚ù§Ô∏èÔ∏è  Here are 10‚Ä¶ https://t.co/7zMRqir8VH",2017-12-13 09:00:05,-0.6486,0.0,0.823,0.177,0
70,@BBC,"Steph's a cheerleading world champion. She's also blind. ‚úä‚ù§Ô∏èÔ∏è
Via @BBCStories. https://t.co/CktGzvfE1P",2017-12-13 08:40:01,0.5267,0.363,0.476,0.161,0
71,@BBC,There's great pleasure in realising that total unknowns can be as brilliant as your favourite recording artists. üéπüé∂‚Ä¶ https://t.co/ohcGDgymVJ,2017-12-13 08:20:03,0.9118,0.42,0.58,0.0,0
72,@BBC,The 'Godfather of Coral' has identified more than 20% of the world's coral species &amp; transformed our understanding‚Ä¶ https://t.co/tRtikV4SbW,2017-12-13 08:00:04,0.0,0.0,1.0,0.0,0
73,@BBC,"Feelings of stress and anxiety disorders are extremely common. Remember, you're not alone in this and you don't hav‚Ä¶ https://t.co/Zw8sl2UxTU",2017-12-13 07:38:04,-0.4137,0.075,0.731,0.194,0
74,@BBC,'I‚Äôm talking about my rape to encourage other male victims to do the same.' https://t.co/KJuXHNo0oC https://t.co/KeO7ujanSr,2017-12-12 20:30:05,-0.5719,0.142,0.558,0.3,0
75,@BBC,"Overfishing and changing sea temperatures are pushing seabirds to the brink of extinction, according to new data. ü¶Ö‚Ä¶ https://t.co/Gm4wOSz6TB",2017-12-12 20:00:09,0.0,0.0,1.0,0.0,0
76,@BBC,"'The Spice Girls only had one black member and she was called Scary!' üòÇ
#LiveAtTheApollo via @BBCTwo. https://t.co/ttkiAvosb6",2017-12-12 19:30:05,0.0,0.0,1.0,0.0,0
77,@BBC,"RT @bbccomedy: When the help's so helpful, but you just can't stand her helping. #FirstWorldProblems #Motherland @MissDianeMorgan https://t‚Ä¶",2017-12-12 19:19:59,-0.0062,0.112,0.775,0.113,0
78,@BBC,"RT @bbcstories: ‚ÄúI‚Äôm being led by the hand by my child, not the other way around.‚Äù - Richard's son Jaco has autism, and their relationship‚Ä¶",2017-12-12 19:19:47,0.4939,0.122,0.878,0.0,0
79,@BBC,"RT @BBCOne: ‚ÄúIt‚Äôs gold.‚Äù #TheAWord cast explain what is so special about the show. 

Tonight. 9pm. @BBCOne. https://t.co/hP8zufMx79",2017-12-12 19:19:14,0.541,0.17,0.83,0.0,0
80,@BBC,RT @TWBBC: If you're in Glasgow Wednesday night expand your mind with the Tomorrow's World Live show at the Science Centre - all about brai‚Ä¶,2017-12-12 19:19:06,0.3182,0.091,0.909,0.0,0
81,@BBC,"RT @BBCScotland: ""IT'S THE KETTLE!"" üòÇ

#ScotSquad 
@Gradowrestling // @Mani2thaJ https://t.co/hc1bob5blR",2017-12-12 19:18:57,0.0,0.0,1.0,0.0,0
82,@BBC,RT @BBCWomansHour: Neuroscientist @sophiescott explains how we can tell what people are REALLY thinking üëáüé• (by reading their microexpressio‚Ä¶,2017-12-12 19:18:27,0.0,0.0,1.0,0.0,0
83,@BBC,RT @BBC6Music: ‚úÇÔ∏è ‚úÇÔ∏è Scissors at the ready... Make your own @NoelGallagher Christmas decoration to put on your high-flying sleigh ahead of‚Ä¶,2017-12-12 19:17:56,0.0,0.0,1.0,0.0,0
84,@BBC,"RT @BBCSpringwatch: 10 glorious photos of British wildlife in the snow
https://t.co/Ap7kaHaozX https://t.co/hEeEvk6hSN",2017-12-12 19:16:42,0.6369,0.259,0.741,0.0,0
85,@BBC,"In the 3rd episode of @TWBBC Live, we explore how today‚Äôs scientific research &amp; technology is changing how we care‚Ä¶ https://t.co/4zopZ7DvfC",2017-12-12 19:00:03,0.0,0.0,1.0,0.0,0
86,@BBC,"Will we get a white Christmas? üå®üéÑ
We actually get snow on Christmas Day more often than you might think - but it de‚Ä¶ https://t.co/6Yyu2Uuux0",2017-12-12 18:30:05,0.0,0.0,1.0,0.0,0
87,@BBC,"üéÖüéÑ Some of the best Christmas world records: Instadogs, Susan Boyle and surfing Santas. https://t.co/MKT10qhvmL https://t.co/PdthEWx1ew",2017-12-12 18:00:07,0.6369,0.219,0.781,0.0,0
88,@BBC,"Vinny Singh breaks down the questions that a Sikh gets asked. 
Via @BBCTheSocial. https://t.co/TzDifjETu6",2017-12-12 17:30:05,0.0,0.0,1.0,0.0,0
89,@BBC,National treasures @Dawn_French &amp; Jennifer Saunders (@ferrifrump) are back together this festive season with a spec‚Ä¶ https://t.co/7zRCfpqGN7,2017-12-12 16:58:17,0.743,0.31,0.69,0.0,0
90,@BBC,üòçüì∏ Your pictures of beautiful Scotland from last week. Via @BBCScotland. https://t.co/oCDu9gmx6j,2017-12-12 16:30:01,0.5994,0.262,0.738,0.0,0
91,@BBC,"RT @bbc5live: ""Tom gave the ultimate gift"" 

Lisa donated her son's organs after he died two years ago. https://t.co/DfvkAgRnoF",2017-12-12 16:07:17,-0.1779,0.123,0.723,0.153,0
92,@BBC,The eight party season commandments that'll help you survive all the festivities. üò´üéÑ https://t.co/2syg9lMOae https://t.co/44WFAPi0HB,2017-12-12 15:34:04,0.8176,0.415,0.585,0.0,0
93,@BBC,RT @BBCiPlayer: üéø Planning a ski holiday? @ClaudiaWinkle has a special message for you üòÇ https://t.co/9bgFssqWxj,2017-12-12 15:05:52,0.6597,0.351,0.649,0.0,0
94,@BBC,"RT @BBCOne: #TheApprentice. Emoji style.
üòÅüò∞üôÑ‚ò∫Ô∏èüò†üòèü§ó https://t.co/wVHbF7LKIZ",2017-12-12 15:04:37,0.0,0.0,1.0,0.0,0
95,@BBC,"üêãüêô #BluePlanet2 has become @BBCiPlayer‚Äôs most popular programme of the year so far, with 4.2 million requests for t‚Ä¶ https://t.co/m9bcExK8fz",2017-12-12 15:00:10,0.4754,0.14,0.86,0.0,0
96,@BBC,ü•á @BBCOne has announced a new Saturday night game show to launch in the run up to Sport Relief 2018.‚Ä¶ https://t.co/26UoAkfV8d,2017-12-12 14:30:09,0.4767,0.147,0.853,0.0,0
97,@BBC,New research suggests that #ManFlu is a real thing. üò∑ https://t.co/zMM12bFOCy,2017-12-12 14:00:05,0.0,0.0,1.0,0.0,0
98,@BBC,"üç™ @Nigella_Lawson's 'forgotten cookies' recipe is one to remember this Christmas. 
Full recipe here üëâ‚Ä¶ https://t.co/Ti9tNmAlsb",2017-12-12 13:30:04,-0.2263,0.0,0.881,0.119,0
99,@BBC,"üê† In the final episode of #BluePlanet2, David Attenborough explored some of the issues facing life in the oceans.‚Ä¶ https://t.co/LGXeb4XRnH",2017-12-12 13:00:05,0.0,0.0,1.0,0.0,0
100,@CBSNews,"DNA on Coke can leads to arrest in 1989 rape, murder of Washington teen https://t.co/lNe6pPHOKH https://t.co/bxRa0YsqZl",2017-12-15 04:37:57,-0.9153,0.0,0.524,0.476,0
101,@CBSNews,Suspended University of Houston frat indicted for hazing https://t.co/RQUtICT2DW https://t.co/9LO3wFmBmz,2017-12-15 04:30:20,-0.4767,0.0,0.744,0.256,0
102,@CBSNews,#PieGate ends: Press Secretary Sarah Sanders proved her baking skills at the White House today after critics doubte‚Ä¶ https://t.co/AQ4Z92pa9j,2017-12-15 04:20:34,-0.296,0.0,0.891,0.109,0
103,@CBSNews,"WATCH NOW: On the anniversary of the Sandy Hook massacre, CBSN examines the aftermath of one of the nation‚Äôs deadli‚Ä¶ https://t.co/kfy1P1WVjw",2017-12-15 04:00:02,0.0,0.0,1.0,0.0,0
104,@CBSNews,"5 years after Sandy Hook, crucial review of police response remains unreleased https://t.co/90ZYYaRM2g https://t.co/lZwY5CKbZW",2017-12-15 03:41:01,0.0,0.0,1.0,0.0,0
105,@CBSNews,"In the wake of Sandy Hook, people across the U.S. echoed the words: ‚ÄúNever again.‚Äù But in the 5 years since, mass s‚Ä¶ https://t.co/lvLEvYSjnh",2017-12-15 03:20:33,0.0,0.0,1.0,0.0,0
106,@CBSNews,"""Recognize the warning signs..."" A video depicting a local news broadcast about a school shooting that has yet to o‚Ä¶ https://t.co/35tCXxFAvA",2017-12-15 03:01:30,-0.34,0.0,0.876,0.124,0
107,@CBSNews,School drills have gotten more intense after the 2012 massacre at Sandy Hook. At least 20 states now have specific‚Ä¶ https://t.co/Y1jhVAKeFm,2017-12-15 02:40:39,0.1513,0.074,0.926,0.0,0
108,@CBSNews,"On Sandy Hook massacre anniversary, CBS News/YouGov poll finds that for most gun owners say guns make America ""free‚Ä¶ https://t.co/oZv3GdZmXb",2017-12-15 02:20:01,-0.4005,0.0,0.876,0.124,0
109,@CBSNews,NYPD says it is reviewing rape claims against Russell Simmons https://t.co/1qcvgRiLiU https://t.co/Mx0WBclEVn,2017-12-15 02:16:31,-0.6908,0.0,0.701,0.299,0
110,@CBSNews,"On the anniversary of the Sandy Hook mass shooting, divisions over guns in America run deeper than policy differenc‚Ä¶ https://t.co/PFojtY3TbG",2017-12-15 02:01:01,0.0,0.0,1.0,0.0,0
111,@CBSNews,"""I do think stronger regulations put in place can make a difference."" Alicia, a conservative, shares the story of w‚Ä¶ https://t.co/TBUUbIcsUl",2017-12-15 01:57:45,0.5859,0.22,0.78,0.0,0
112,@CBSNews,"Reporter: What [gun] regulations are in place now you would like to see go away? 

Cathy: Trying to repeal them rea‚Ä¶ https://t.co/sA55L8tuSK",2017-12-15 01:51:40,0.3612,0.106,0.894,0.0,0
113,@CBSNews,"""This is a social movement, it's going to take a long time before we change the laws we need to. But we are getting‚Ä¶ https://t.co/GKm6hCnDbF",2017-12-15 01:47:30,0.0,0.0,1.0,0.0,0
114,@CBSNews,"Reporter: Did [Sandy Hook] shooting change your mind about any of these issues? 

Lana: The first thing that came t‚Ä¶ https://t.co/IuwaJYURCD",2017-12-15 01:42:49,0.0,0.0,1.0,0.0,0
115,@CBSNews,"""For a school, that is probably the No. 1 topic right now, is to arm our staff and teachers,"" Lana, an NRA instruct‚Ä¶ https://t.co/YxhjouzPOB",2017-12-15 01:41:19,-0.296,0.0,0.905,0.095,0
116,@CBSNews,"""I think that word control is the wrong word to use. When you start talking about controlling that and taking that‚Ä¶ https://t.co/f9LvsiE6HM",2017-12-15 01:37:35,-0.4767,0.0,0.871,0.129,0
117,@CBSNews,Reporter: Do you think lawmakers have done enough and have done anything realistic after Sandy hook and Vegas... an‚Ä¶ https://t.co/ETOSzASPh7,2017-12-15 01:29:10,0.0,0.0,1.0,0.0,0
118,@CBSNews,The president's idea of combating mass shooters by arming more people is actually supported by almost 30 percent of‚Ä¶ https://t.co/ijtZu5sOrd,2017-12-15 01:23:31,0.3182,0.108,0.892,0.0,0
119,@CBSNews,Reporter: Why is this issue of [gun control] so hard to address? You have different opinions about guns but you're‚Ä¶ https://t.co/OyidJ0d2NU,2017-12-15 01:22:26,-0.1111,0.0,0.933,0.067,0
120,@CBSNews,"DNA on Coke can leads to arrest in 1989 rape, murder of Washington teen https://t.co/lNe6pPHOKH https://t.co/bxRa0YsqZl",2017-12-15 04:37:57,-0.9153,0.0,0.524,0.476,0
121,@CBSNews,Suspended University of Houston frat indicted for hazing https://t.co/RQUtICT2DW https://t.co/9LO3wFmBmz,2017-12-15 04:30:20,-0.4767,0.0,0.744,0.256,0
122,@CBSNews,#PieGate ends: Press Secretary Sarah Sanders proved her baking skills at the White House today after critics doubte‚Ä¶ https://t.co/AQ4Z92pa9j,2017-12-15 04:20:34,-0.296,0.0,0.891,0.109,0
123,@CBSNews,"WATCH NOW: On the anniversary of the Sandy Hook massacre, CBSN examines the aftermath of one of the nation‚Äôs deadli‚Ä¶ https://t.co/kfy1P1WVjw",2017-12-15 04:00:02,0.0,0.0,1.0,0.0,0
124,@CBSNews,"5 years after Sandy Hook, crucial review of police response remains unreleased https://t.co/90ZYYaRM2g https://t.co/lZwY5CKbZW",2017-12-15 03:41:01,0.0,0.0,1.0,0.0,0
125,@CBSNews,"In the wake of Sandy Hook, people across the U.S. echoed the words: ‚ÄúNever again.‚Äù But in the 5 years since, mass s‚Ä¶ https://t.co/lvLEvYSjnh",2017-12-15 03:20:33,0.0,0.0,1.0,0.0,0
126,@CBSNews,"""Recognize the warning signs..."" A video depicting a local news broadcast about a school shooting that has yet to o‚Ä¶ https://t.co/35tCXxFAvA",2017-12-15 03:01:30,-0.34,0.0,0.876,0.124,0
127,@CBSNews,School drills have gotten more intense after the 2012 massacre at Sandy Hook. At least 20 states now have specific‚Ä¶ https://t.co/Y1jhVAKeFm,2017-12-15 02:40:39,0.1513,0.074,0.926,0.0,0
128,@CBSNews,"On Sandy Hook massacre anniversary, CBS News/YouGov poll finds that for most gun owners say guns make America ""free‚Ä¶ https://t.co/oZv3GdZmXb",2017-12-15 02:20:01,-0.4005,0.0,0.876,0.124,0
129,@CBSNews,NYPD says it is reviewing rape claims against Russell Simmons https://t.co/1qcvgRiLiU https://t.co/Mx0WBclEVn,2017-12-15 02:16:31,-0.6908,0.0,0.701,0.299,0
130,@CBSNews,"On the anniversary of the Sandy Hook mass shooting, divisions over guns in America run deeper than policy differenc‚Ä¶ https://t.co/PFojtY3TbG",2017-12-15 02:01:01,0.0,0.0,1.0,0.0,0
131,@CBSNews,"""I do think stronger regulations put in place can make a difference."" Alicia, a conservative, shares the story of w‚Ä¶ https://t.co/TBUUbIcsUl",2017-12-15 01:57:45,0.5859,0.22,0.78,0.0,0
132,@CBSNews,"Reporter: What [gun] regulations are in place now you would like to see go away? 

Cathy: Trying to repeal them rea‚Ä¶ https://t.co/sA55L8tuSK",2017-12-15 01:51:40,0.3612,0.106,0.894,0.0,0
133,@CBSNews,"""This is a social movement, it's going to take a long time before we change the laws we need to. But we are getting‚Ä¶ https://t.co/GKm6hCnDbF",2017-12-15 01:47:30,0.0,0.0,1.0,0.0,0
134,@CBSNews,"Reporter: Did [Sandy Hook] shooting change your mind about any of these issues? 

Lana: The first thing that came t‚Ä¶ https://t.co/IuwaJYURCD",2017-12-15 01:42:49,0.0,0.0,1.0,0.0,0
135,@CBSNews,"""For a school, that is probably the No. 1 topic right now, is to arm our staff and teachers,"" Lana, an NRA instruct‚Ä¶ https://t.co/YxhjouzPOB",2017-12-15 01:41:19,-0.296,0.0,0.905,0.095,0
136,@CBSNews,"""I think that word control is the wrong word to use. When you start talking about controlling that and taking that‚Ä¶ https://t.co/f9LvsiE6HM",2017-12-15 01:37:35,-0.4767,0.0,0.871,0.129,0
137,@CBSNews,Reporter: Do you think lawmakers have done enough and have done anything realistic after Sandy hook and Vegas... an‚Ä¶ https://t.co/ETOSzASPh7,2017-12-15 01:29:10,0.0,0.0,1.0,0.0,0
138,@CBSNews,The president's idea of combating mass shooters by arming more people is actually supported by almost 30 percent of‚Ä¶ https://t.co/ijtZu5sOrd,2017-12-15 01:23:31,0.3182,0.108,0.892,0.0,0
139,@CBSNews,Reporter: Why is this issue of [gun control] so hard to address? You have different opinions about guns but you're‚Ä¶ https://t.co/OyidJ0d2NU,2017-12-15 01:22:26,-0.1111,0.0,0.933,0.067,0
140,@CBSNews,"This week is the five-year anniversary of Sandy Hook. Do you remember where you were? Jessica and Daniel, both pare‚Ä¶ https://t.co/T8Kz5EquY3",2017-12-15 01:18:27,0.0,0.0,1.0,0.0,0
141,@CBSNews,"""If we were to train people to have a mentality similar to being on an airplane, if someone comes into a room with‚Ä¶ https://t.co/xUg77u1H8D",2017-12-15 01:14:00,0.0,0.0,1.0,0.0,0
142,@CBSNews,"WATCH NOW: On the anniversary of the Sandy Hook massacre, CBSN examines the aftermath of one of the nation‚Äôs deadli‚Ä¶ https://t.co/4Fm1qow67z",2017-12-15 01:00:02,0.0,0.0,1.0,0.0,0
143,@CBSNews,"""They had their entire lives ahead of them -- birthdays, graduations, weddings, kids of their own."" 

Five years ag‚Ä¶ https://t.co/6ynn3LXV0v",2017-12-15 00:46:00,0.0,0.0,1.0,0.0,0
144,@CBSNews,Republicans say the hardest part is behind them now that they have crafted a compromise between the House and Senat‚Ä¶ https://t.co/bWD6mlxL78,2017-12-15 00:30:01,0.0,0.0,1.0,0.0,0
145,@CBSNews,"After Sandy Hook, two fathers touched by gun violence share special connection https://t.co/wfjpVcaudn https://t.co/Fn4hiPaV7j",2017-12-15 00:19:32,-0.3818,0.229,0.467,0.304,0
146,@CBSNews,"@CBSNews¬†In Newtown, Conn., today, 20 1st graders and 6 adults were shot to death at Sandy Hook Elementary School 5‚Ä¶ https://t.co/Pjm8ik7O3q",2017-12-14 23:58:55,-0.5994,0.0,0.837,0.163,0
147,@CBSNews,@CBSNews¬†In recent weeks we've heard largely from women about the #MeToo movement. @alexwagner talks to men who are‚Ä¶ https://t.co/og6O3Klxxi,2017-12-14 23:54:18,0.0,0.0,1.0,0.0,0
148,@CBSNews,@CBSNews¬†Russian President Vladimir Putin held a record-breaking four-hour and 20-minute news conference today. Dur‚Ä¶ https://t.co/JIVDyJPHiM,2017-12-14 23:49:58,0.0,0.0,1.0,0.0,0
149,@CBSNews,@CBSNews¬†American's UN Ambassador Nikki Haley accused Iran today of violating Security Council resolutions by armin‚Ä¶ https://t.co/Eg0okrVLgV,2017-12-14 23:46:29,-0.5106,0.109,0.633,0.258,0
150,@CBSNews,@CBSNews¬†The FCC voted to roll back Obama-era regulations on the companies that provide internet service. The commi‚Ä¶ https://t.co/IWt3PvdOkR,2017-12-14 23:44:04,0.0,0.0,1.0,0.0,0
151,@CBSNews,"@CBSNews¬†@nancycordes on Senator McCain's hospitalization at Walter Reed Medical Center: ""There are a lot of aides‚Ä¶ https://t.co/tP3cqCNUDF",2017-12-14 23:39:29,0.0,0.0,1.0,0.0,0
152,@CBSNews,"House and Senate leaders reached an agreement on a tax reform deal that will likely be voted on next week, but toda‚Ä¶ https://t.co/I7GKsW0BWA",2017-12-14 23:34:01,0.3182,0.142,0.858,0.0,0
153,@CBSNews,"Meghan Markle will be joining Britain's royal family for Christmas, which is reportedly a first for a royal fianc√©e‚Ä¶ https://t.co/9XNTsx7gng",2017-12-14 23:15:01,0.0,0.0,1.0,0.0,0
154,@CBSNews,Firefighter died while working a colossal wildfire burning in coastal mountains northwest of Los Angeles that has b‚Ä¶ https://t.co/BRwZWe1z1t,2017-12-14 23:00:03,-0.5574,0.0,0.825,0.175,0
155,@CBSNews,JUST IN: CBS News has learned that the NYPD has opened a preliminary investigation into accusations of sexual misco‚Ä¶ https://t.co/ifGbX97smy,2017-12-14 22:50:01,-0.3182,0.0,0.887,0.113,0
156,@CBSNews,"Iowa jury has found a woman guilty of starving her 16-year-old daughter to death, reports CBS affiliate KCCI. The t‚Ä¶ https://t.co/Xx1UUw0lBa",2017-12-14 22:45:01,-0.8591,0.0,0.642,0.358,0
157,@CBSNews,"Mimi O'Donnell, partner of Philip Seymour Hoffman for 15 years and mother of his three children, opened up about he‚Ä¶ https://t.co/zZrYH2Kz5c",2017-12-14 22:33:01,0.0,0.0,1.0,0.0,0
158,@CBSNews,Prosecutors have charged two men in the 2015 fatal shooting of New York City rapper Chinx https://t.co/TxCncEHiAT https://t.co/7k1leJQ8wH,2017-12-14 22:15:01,-0.6486,0.0,0.751,0.249,0
159,@CBSNews,"Police in Southern California raided a weed ""fortress,"" seizing 35,000 marijuana plants and shutting down an operat‚Ä¶ https://t.co/dK0uVgBYEI",2017-12-14 22:00:02,0.0,0.0,1.0,0.0,0
160,@CBSNews,"While fewer American teens are lighting up cigarettes, more of them are vaping instead, a new report shows‚Ä¶ https://t.co/jYhD7zrZZw",2017-12-14 21:40:01,0.0,0.0,1.0,0.0,0
161,@CBSNews,"""As we come to the end of this difficult year...nothing can remove the memory of that night"": Six months after deva‚Ä¶ https://t.co/lvglwwv0za",2017-12-14 21:20:51,-0.4357,0.0,0.88,0.12,0
162,@CBSNews,"Scientists using advanced ""neural network"" machine-learning software to sift through thousands of weak, previously‚Ä¶ https://t.co/SqVplIxU2i",2017-12-14 21:05:01,-0.2263,0.112,0.726,0.162,0
163,@CBSNews,"In the wake of Sandy Hook, people across the U.S. echoed the words: ‚ÄúNever again.‚Äù But in the 5 years since, mass s‚Ä¶ https://t.co/JZdKJlZ9dW",2017-12-14 20:50:31,0.0,0.0,1.0,0.0,0
164,@CBSNews,"The FCC's two Republican commissioners, joined by FCC Chairman Ajit Pai, voted to eliminate the ""net neutrality"" ru‚Ä¶ https://t.co/z4sCwwpBZm",2017-12-14 20:45:01,0.0,0.0,1.0,0.0,0
165,@CBSNews,Rumors swirled in Washington D.C. on Thursday that Speaker of the House Paul Ryan was planning on retiring after th‚Ä¶ https://t.co/MUNpawv1OW,2017-12-14 20:30:32,0.0,0.0,1.0,0.0,0
166,@CBSNews,"American warplanes intercepted two Russian fighter jets that flew into coalition airspace in Syria, the Pentagon sa‚Ä¶ https://t.co/FYA9ATsqdx",2017-12-14 20:15:01,0.1531,0.086,0.914,0.0,0
167,@CBSNews,House Speaker Paul Ryan says he's not leaving Congress anytime soon after reports surface speculating he may leave‚Ä¶ https://t.co/2ArzPef0CN,2017-12-14 20:00:02,0.0,0.0,1.0,0.0,0
168,@CBSNews,"Pres. Trump symbolically cuts red tape at White House event, wants government to get rid of ""unecessary regulation.‚Ä¶ https://t.co/kQDOrs6s3b",2017-12-14 19:54:13,-0.296,0.0,0.891,0.109,0
169,@CBSNews,"""I like Omarosa."" President Trump says while answering a reporter's question on former WH official Omarosa Manigaul‚Ä¶ https://t.co/g7m10qQY0I",2017-12-14 19:48:35,0.3612,0.135,0.865,0.0,0
170,@CBSNews,"White House staff show flow chart illustrating regulatory actions, which the president says ""really explains the di‚Ä¶ https://t.co/vWYm4gOTbO",2017-12-14 19:48:15,0.0,0.0,1.0,0.0,0
171,@CBSNews,"Trump: We blew the target out of the water within our first 11 months. We have canceled or delayed over 1,500 and -‚Ä¶ https://t.co/4MpGaWrt5T",2017-12-14 19:41:44,-0.2263,0.0,0.924,0.076,0
172,@CBSNews,"""We are lifting restrictions on American energy and we have ended the war on coal,"" Pres. Trump says.‚Ä¶ https://t.co/RLZoFCmA3k",2017-12-14 19:37:51,-0.4215,0.091,0.739,0.17,0
173,@CBSNews,WATCH NOW: Pres. Trump gives remarks on deregulation efforts https://t.co/K7bL2Wtf7M https://t.co/ZXIRpQbdsy,2017-12-14 19:34:36,0.0,0.0,1.0,0.0,0
174,@CBSNews,".@PressSec on preventing U.S. attacks: ‚ÄúIf you could name a single¬†thing that would have prevented¬†both of these, I‚Ä¶ https://t.co/SkmZfgYDLl",2017-12-14 19:27:09,-0.4404,0.05,0.769,0.181,0
175,@CBSNews,".@PressSec on preventing mass shootings: ""Whether or not there is a regulation that could be put in place that coul‚Ä¶ https://t.co/CN0HztVqRK",2017-12-14 19:22:42,-0.0258,0.0,0.945,0.055,0
176,@CBSNews,".@PressSec on #NetNeutrality decision: ""The Trump administration supports the FCC's effort to roll back burdensome‚Ä¶ https://t.co/vJR3qNzOA1",2017-12-14 19:16:25,0.3612,0.143,0.857,0.0,0
177,@CBSNews,".@PressSec on Omarosa Manigault Newman's ""Good Morning America"" interview: ""We put out a statement yesterday and I‚Ä¶ https://t.co/YVfwANVu7o",2017-12-14 19:14:40,0.4404,0.153,0.847,0.0,0
178,@CBSNews,"House Speaker Paul Ryan ""assured the president those were not accurate reports,"" @PressSec says of reports that Rya‚Ä¶ https://t.co/MecTEJ3KQW",2017-12-14 19:11:29,0.3612,0.122,0.878,0.0,0
179,@CBSNews,"President Trump ""likes Doug Jones and looks forward to meeting him in person,"" @PressSec says when asked if Roy Moo‚Ä¶ https://t.co/r4hyn25MSF",2017-12-14 19:09:07,0.4215,0.123,0.877,0.0,0
180,@CBSNews,"""We're really proud of the work we have done already up until this point with Sen. Rubio. We are already doubling t‚Ä¶ https://t.co/tmRLTcKw0A",2017-12-14 19:06:44,0.5256,0.134,0.866,0.0,0
181,@CBSNews,WATCH LIVE: White House holds daily press briefing as final vote on the GOP's tax bill nears https://t.co/TivFofWjWB https://t.co/CCpiDNUEIT,2017-12-14 19:01:42,0.0,0.0,1.0,0.0,0
182,@CBSNews,U.N. ambassador Nikki Haley reveals new evidence to back claim that Iran armed Houthi rebels:‚Ä¶ https://t.co/yUxJ6yXBCS,2017-12-14 18:45:01,0.0,0.0,1.0,0.0,0
183,@CBSNews,The FCC voted to repeal Obama-era #NetNeutrality rules that regulate equal internet access in a 3-2 vote on Thursda‚Ä¶ https://t.co/cgsEEgEd8y,2017-12-14 18:25:32,0.0,0.0,1.0,0.0,0
184,@CBSNews,JUST IN: The FCC votes to repeal Obama-era #NetNeutrality rules that regulate equal access to the internet in 3-2 v‚Ä¶ https://t.co/2cMgwWLP2D,2017-12-14 18:17:42,0.0,0.0,1.0,0.0,0
185,@CBSNews,"Rolling back #NetNeutrality "" is not going to destroy the internet. It is not going to end the internet as we know‚Ä¶ https://t.co/KTiTE2vIgu",2017-12-14 18:11:30,0.431,0.119,0.881,0.0,0
186,@CBSNews,"""The only future to fear is the one we never discover because we gave up on the approach that already has brought u‚Ä¶ https://t.co/raIfcPXELJ",2017-12-14 18:09:10,-0.4939,0.0,0.878,0.122,0
187,@CBSNews,FCC Chairman Ajit Pai resumes speaking ahead of #NetNeutrality vote after meeting was cleared for security concerns‚Ä¶ https://t.co/GICTmxSDfe,2017-12-14 18:06:15,0.4215,0.192,0.808,0.0,0
188,@CBSNews,WATCH: Security officers and dogs search room where FCC meeting on net neutrality was taking place‚Ä¶ https://t.co/hqO444G2P7,2017-12-14 17:57:57,0.34,0.13,0.87,0.0,0
189,@CBSNews,NEW: FCC meeting on net neutrality takes abrupt recess due to security concerns https://t.co/Vxi2egdIqZ https://t.co/sEIW14RmGy,2017-12-14 17:52:38,0.34,0.146,0.854,0.0,0
190,@CBSNews,"Net neutrality ""was a mistake. For one thing, there was no problem to solve. The internet wasn't broken in 2015,"" F‚Ä¶ https://t.co/Np6tDxC9EP",2017-12-14 17:48:39,-0.449,0.157,0.579,0.264,0
191,@CBSNews,"""The internet is the greatest free market innovation in history,"" FCC Chairman Ajit Pai says. ""It's changed the way‚Ä¶ https://t.co/AcdrFyWfQJ",2017-12-14 17:44:43,0.8779,0.373,0.627,0.0,0
192,@CBSNews,"GOP Rep. Blake Farenthold will not seek re-election next year, two Republicans tell the Associated Press; lawmaker‚Ä¶ https://t.co/joJ9viWxSy",2017-12-14 17:39:01,0.0,0.0,1.0,0.0,0
193,@CBSNews,"""Net neutrality is internet freedom,"" FCC Commissioner Jessica Rosenworcel says. ""The future of the internet is the‚Ä¶ https://t.co/v6cByVXiZx",2017-12-14 17:35:48,0.0,0.0,1.0,0.0,0
194,@CBSNews,"""The apocalyptic rhetoric is quite something, even by Washington standards. No, the FCC is not ending the internet,‚Ä¶ https://t.co/pXF7eH3DeA",2017-12-14 17:28:23,-0.765,0.0,0.72,0.28,0
195,@CBSNews,"""The internet has functioned without net neutrality rules far longer than with them,"" FCC Commissioner Michael O'Ri‚Ä¶ https://t.co/nK8OUfiGTN",2017-12-14 17:17:30,0.0,0.0,1.0,0.0,0
196,@CBSNews,"""In the end, I'm simply not persuaded that heavy-handed rules are needed to protect against hypothetical harms,"" FC‚Ä¶ https://t.co/hYIY70rFBk",2017-12-14 17:15:31,0.3818,0.126,0.874,0.0,0
197,@CBSNews,"""What saddens me the most today is that the agency that is supposed to protect you is actually abandoning you. But‚Ä¶ https://t.co/Ew648TV4FU",2017-12-14 17:12:52,-0.4404,0.096,0.701,0.203,0
198,@CBSNews,"""When when the current protections are abandoned and the rules that have been officially in place since 2015 are re‚Ä¶ https://t.co/3WpiUNFHut",2017-12-14 17:05:54,-0.4588,0.0,0.87,0.13,0
199,@CBSNews,COMING UP: The FCC is expected to repeal its net neutrality rules -- which could mean a sweeping act of deregulatio‚Ä¶ https://t.co/LBSP6OJweu,2017-12-14 17:01:33,0.0,0.0,1.0,0.0,0
200,@CNN,"The world really, really loves British television https://t.co/Hcrg7JagU9 https://t.co/pTEGDxElym",2017-12-15 04:31:10,0.6453,0.348,0.652,0.0,0
201,@CNN,"These smart, self-driving buses are being tested in China: https://t.co/RhWudfnWlV via @cnntech https://t.co/2TckF1BKLI",2017-12-15 04:17:52,0.4019,0.184,0.816,0.0,0
202,@CNN,Sen. Ron Johnson asked FBI Director Christopher Wray for more information about edits to former director James Come‚Ä¶ https://t.co/8sB9LUybm9,2017-12-15 04:01:08,0.0,0.0,1.0,0.0,0
203,@CNN,"It's time for Congress to override US President Trump's foreign policy powers, write Madeleine K. Albright and Davi‚Ä¶ https://t.co/cBvOQoYlOv",2017-12-15 03:46:04,0.0,0.0,1.0,0.0,0
204,@CNN,"""Amazing Grace."" Tonight, on the solemn 5-year anniversary of the Sandy Hook shooting, we remember the 26 innocent‚Ä¶ https://t.co/dGFUudPUid",2017-12-15 03:33:57,0.5423,0.172,0.769,0.059,0
205,@CNN,"The 20 children and six adults killed five years ago at Sandy Hook Elementary School in Newtown, Connecticut will b‚Ä¶ https://t.co/yZ34yIxdDu",2017-12-15 03:31:08,-0.6705,0.0,0.816,0.184,0
206,@CNN,A procession was held in Fillmore to honor a firefighter killed in southern California's Thomas Fire‚Ä¶ https://t.co/duZf5xs6f7,2017-12-15 03:21:59,-0.3182,0.155,0.628,0.217,0
207,@CNN,White House press secretary Sarah Sanders said that President Trump had spoken with Rupert Murdoch to congratulate‚Ä¶ https://t.co/PFGEq2Sjfs,2017-12-15 03:16:05,0.0,0.0,1.0,0.0,0
208,@CNN,A firefighter was killed in southern California's massive Thomas Fire. A procession was held in his honor on highwa‚Ä¶ https://t.co/eB36h5XWNw,2017-12-15 03:15:05,-0.5719,0.127,0.598,0.275,0
209,@CNN,A court calls for an inquiry into allegations of judicial misconduct against Judge Alex Kozinski‚Ä¶ https://t.co/yIT8uyoFeK,2017-12-15 03:01:05,0.0,0.0,1.0,0.0,0
210,@CNN,RT @CNNOpinion: .@madeleine and @RepDavidEPrice: It's time for Congress to override #Trump's foreign policy powers https://t.co/2cw5RqNcZr,2017-12-15 02:53:41,0.0,0.0,1.0,0.0,0
211,@CNN,"""Super Size Me"" filmmaker Morgan Spurlock admitted to sexual misconduct in a confession titled, ""I am part of the p‚Ä¶ https://t.co/QEU4JPvuDt",2017-12-15 02:50:16,0.6486,0.227,0.773,0.0,0
212,@CNN,"Morgan Spurlock, the filmmaker behind ""Super Size Me,"" is leaving his production company after detailing his own hi‚Ä¶ https://t.co/LgwLvTH4AI",2017-12-15 02:48:22,0.5994,0.178,0.822,0.0,0
213,@CNN,"US Ambassador to the UN Nikki Haley says missile debris is proof of a ""pattern of behavior"" from Iran, and evidence‚Ä¶ https://t.co/bpKOvrjYjD",2017-12-15 02:41:05,0.0,0.0,1.0,0.0,0
214,@CNN,The NYPD has opened an investigation into music mogul Russell Simmons after multiple women accused the music mogul‚Ä¶ https://t.co/NEcSEf4ycU,2017-12-15 02:34:00,-0.296,0.0,0.891,0.109,0
215,@CNN,"A top White House economist predicts Sen. Marco Rubio will ultimately be a ""yes"" on the GOP tax bill despite his th‚Ä¶ https://t.co/JbHcmcZd6S",2017-12-15 02:21:06,0.2023,0.083,0.917,0.0,0
216,@CNN,"Step inside the world's largest all-glass underwater restaurant, where you can dine with the fishes without getting‚Ä¶ https://t.co/WskgiKVKq6",2017-12-15 02:16:11,0.0,0.0,1.0,0.0,0
217,@CNN,Here's what to know about the latest US sanctions against Russia https://t.co/uia3i6dHbR https://t.co/IdIQ6U2i5i,2017-12-15 02:11:06,0.0,0.0,1.0,0.0,0
218,@CNN,"RT @AC360: The GOP is ""losing the future"": Republican Gov. John Kasich on his party's loss in Alabama https://t.co/1Co8qGKsfb",2017-12-15 02:02:05,-0.5994,0.0,0.776,0.224,0
219,@CNN,"On the five-year anniversary of the Sandy Hook massacre, White House press secretary Sarah Sanders says the Trump a‚Ä¶ https://t.co/11ap9kc2zd",2017-12-15 02:01:03,0.0,0.0,1.0,0.0,0
220,@CNN,"The world really, really loves British television https://t.co/Hcrg7JagU9 https://t.co/pTEGDxElym",2017-12-15 04:31:10,0.6453,0.348,0.652,0.0,0
221,@CNN,"These smart, self-driving buses are being tested in China: https://t.co/RhWudfnWlV via @cnntech https://t.co/2TckF1BKLI",2017-12-15 04:17:52,0.4019,0.184,0.816,0.0,0
222,@CNN,Sen. Ron Johnson asked FBI Director Christopher Wray for more information about edits to former director James Come‚Ä¶ https://t.co/8sB9LUybm9,2017-12-15 04:01:08,0.0,0.0,1.0,0.0,0
223,@CNN,"It's time for Congress to override US President Trump's foreign policy powers, write Madeleine K. Albright and Davi‚Ä¶ https://t.co/cBvOQoYlOv",2017-12-15 03:46:04,0.0,0.0,1.0,0.0,0
224,@CNN,"""Amazing Grace."" Tonight, on the solemn 5-year anniversary of the Sandy Hook shooting, we remember the 26 innocent‚Ä¶ https://t.co/dGFUudPUid",2017-12-15 03:33:57,0.5423,0.172,0.769,0.059,0
225,@CNN,"The 20 children and six adults killed five years ago at Sandy Hook Elementary School in Newtown, Connecticut will b‚Ä¶ https://t.co/yZ34yIxdDu",2017-12-15 03:31:08,-0.6705,0.0,0.816,0.184,0
226,@CNN,A procession was held in Fillmore to honor a firefighter killed in southern California's Thomas Fire‚Ä¶ https://t.co/duZf5xs6f7,2017-12-15 03:21:59,-0.3182,0.155,0.628,0.217,0
227,@CNN,White House press secretary Sarah Sanders said that President Trump had spoken with Rupert Murdoch to congratulate‚Ä¶ https://t.co/PFGEq2Sjfs,2017-12-15 03:16:05,0.0,0.0,1.0,0.0,0
228,@CNN,A firefighter was killed in southern California's massive Thomas Fire. A procession was held in his honor on highwa‚Ä¶ https://t.co/eB36h5XWNw,2017-12-15 03:15:05,-0.5719,0.127,0.598,0.275,0
229,@CNN,A court calls for an inquiry into allegations of judicial misconduct against Judge Alex Kozinski‚Ä¶ https://t.co/yIT8uyoFeK,2017-12-15 03:01:05,0.0,0.0,1.0,0.0,0
230,@CNN,RT @CNNOpinion: .@madeleine and @RepDavidEPrice: It's time for Congress to override #Trump's foreign policy powers https://t.co/2cw5RqNcZr,2017-12-15 02:53:41,0.0,0.0,1.0,0.0,0
231,@CNN,"""Super Size Me"" filmmaker Morgan Spurlock admitted to sexual misconduct in a confession titled, ""I am part of the p‚Ä¶ https://t.co/QEU4JPvuDt",2017-12-15 02:50:16,0.6486,0.227,0.773,0.0,0
232,@CNN,"Morgan Spurlock, the filmmaker behind ""Super Size Me,"" is leaving his production company after detailing his own hi‚Ä¶ https://t.co/LgwLvTH4AI",2017-12-15 02:48:22,0.5994,0.178,0.822,0.0,0
233,@CNN,"US Ambassador to the UN Nikki Haley says missile debris is proof of a ""pattern of behavior"" from Iran, and evidence‚Ä¶ https://t.co/bpKOvrjYjD",2017-12-15 02:41:05,0.0,0.0,1.0,0.0,0
234,@CNN,The NYPD has opened an investigation into music mogul Russell Simmons after multiple women accused the music mogul‚Ä¶ https://t.co/NEcSEf4ycU,2017-12-15 02:34:00,-0.296,0.0,0.891,0.109,0
235,@CNN,"A top White House economist predicts Sen. Marco Rubio will ultimately be a ""yes"" on the GOP tax bill despite his th‚Ä¶ https://t.co/JbHcmcZd6S",2017-12-15 02:21:06,0.2023,0.083,0.917,0.0,0
236,@CNN,"Step inside the world's largest all-glass underwater restaurant, where you can dine with the fishes without getting‚Ä¶ https://t.co/WskgiKVKq6",2017-12-15 02:16:11,0.0,0.0,1.0,0.0,0
237,@CNN,Here's what to know about the latest US sanctions against Russia https://t.co/uia3i6dHbR https://t.co/IdIQ6U2i5i,2017-12-15 02:11:06,0.0,0.0,1.0,0.0,0
238,@CNN,"RT @AC360: The GOP is ""losing the future"": Republican Gov. John Kasich on his party's loss in Alabama https://t.co/1Co8qGKsfb",2017-12-15 02:02:05,-0.5994,0.0,0.776,0.224,0
239,@CNN,"On the five-year anniversary of the Sandy Hook massacre, White House press secretary Sarah Sanders says the Trump a‚Ä¶ https://t.co/11ap9kc2zd",2017-12-15 02:01:03,0.0,0.0,1.0,0.0,0
240,@CNN,The US government is cutting aid to some Somali military units amid allegations of misuse of funds and corruption b‚Ä¶ https://t.co/ErTAoX3Wq1,2017-12-15 01:54:34,-0.128,0.0,0.93,0.07,0
241,@CNN,RT @AC360: Democrat Sen. Mark Warner: Every senior Trump intel official acknowledges the threat of Russian interference https://t.co/9sMUUf‚Ä¶,2017-12-15 01:51:58,-0.5267,0.0,0.833,0.167,0
242,@CNN,"Long waits for medical care, possible misuse of solitary confinement and inappropriate treatment of detainees were‚Ä¶ https://t.co/TIQJ26b5dC",2017-12-15 01:51:20,0.4939,0.167,0.833,0.0,0
243,@CNN,US Sen. Lindsey Graham said in an interview that he believes there's a 30% chance President Trump will order a firs‚Ä¶ https://t.co/GtTCK03uKE,2017-12-15 01:45:44,0.25,0.095,0.905,0.0,0
244,@CNN,RT @AC360: Keeping Them Honest: The meddling in the election isn't some conspiracy. All the intelligence agencies say it happened. A threat‚Ä¶,2017-12-15 01:40:24,0.8472,0.338,0.662,0.0,0
245,@CNN,"""Child care deserts"" are leaving rural parents with few options https://t.co/Nu5jyNwqdm https://t.co/XMBarhSowz",2017-12-15 01:33:02,0.4939,0.225,0.775,0.0,0
246,@CNN,"""2017 has been a turbulent and trying year for women,"" but there are reasons to be optimistic about 2018, writes Ma‚Ä¶ https://t.co/85m3KyP112",2017-12-15 01:28:28,0.4497,0.129,0.871,0.0,0
247,@CNN,What key Republican senators are saying about voting for the GOP tax plan https://t.co/PieUkgST4L https://t.co/LVj9oy6GBz,2017-12-15 01:20:33,0.0,0.0,1.0,0.0,0
248,@CNN,"An Ohio driver accused of plowing into a crowd protesting a white nationalist rally this summer in Charlottesville,‚Ä¶ https://t.co/sX2znpkgTl",2017-12-15 01:19:09,-0.6124,0.0,0.75,0.25,0
249,@CNN,"RT @AC360: ""Very troubling ... a very serious national security threat"" Democrat Sen. Mark Warner reacts to report President Trump does not‚Ä¶",2017-12-15 01:15:47,-0.7288,0.094,0.598,0.309,0
250,@CNN,Democrats are crying foul at the GOP for planning to vote on the tax reform bill without waiting for Doug Jones to‚Ä¶ https://t.co/GIcJ9tYqaY,2017-12-15 01:06:09,-0.4767,0.0,0.876,0.124,0
251,@CNN,"US President Trump spoke on the phone with his Russian counterpart Vladimir Putin, who earlier in the day praised p‚Ä¶ https://t.co/KBhIVhsFEu",2017-12-15 01:01:04,0.4939,0.138,0.862,0.0,0
252,@CNN,"""Sunday Night Football"" takes a big hit as NFL ratings still struggle https://t.co/EJQAMu4ibm https://t.co/hyiAfNxk95",2017-12-15 00:54:01,-0.3182,0.0,0.839,0.161,0
253,@CNN,"RT @OutFrontCNN: ""We can't make them...it's a free economy, and we're a democracy, but what we can do is give them the incentives to do the‚Ä¶",2017-12-15 00:50:06,0.273,0.11,0.821,0.069,0
254,@CNN,A bill that could keep women from having abortions in Down syndrome cases is heading to Ohio Gov. John Kasich's des‚Ä¶ https://t.co/GOfr0WlH5X,2017-12-15 00:49:49,0.0,0.0,1.0,0.0,0
255,@CNN,"RT @OutFrontCNN: ""He's trying one last time, I respect that. But...I don't think anyone thinks that Rubio is going to hold up this bill."" -‚Ä¶",2017-12-15 00:43:59,0.4767,0.119,0.881,0.0,0
256,@CNN,"Omarosa Manigault Newman, a senior staffer who recently departed the White House and the only African-American draw‚Ä¶ https://t.co/vn2vLbqFEx",2017-12-15 00:42:49,0.0,0.0,1.0,0.0,0
257,@CNN,The White House says it's not aware of anything that could have prevented Sandy Hook https://t.co/jT9QAw9DBT https://t.co/Qc7tSStu6G,2017-12-15 00:33:46,0.0258,0.064,0.936,0.0,0
258,@CNN,How Mueller's path was muddied in two weeks https://t.co/yuOlODAWbm https://t.co/Pz8HsokAkI,2017-12-15 00:30:53,0.0,0.0,1.0,0.0,0
259,@CNN,"A White House senior adviser at the Department of Homeland Security has previously:

- Promoted birtherism
- Said O‚Ä¶ https://t.co/hHOPKBpbpJ",2017-12-15 00:18:56,0.6369,0.257,0.743,0.0,0
260,@CNN,RT @CNNPolitics: Democratic Sen. Ron Wyden says President Trump is ‚Äúclearly stonewalling‚Äù new Russia sanctions https://t.co/lttDuw7d7j,2017-12-15 00:10:11,0.0,0.0,1.0,0.0,0
261,@CNN,Rep. Adam Schiff says he's concerned Republicans are working to end the Russia investigation https://t.co/QrYRvPeDtj https://t.co/wLTp2dKKBg,2017-12-15 00:01:09,0.0,0.0,1.0,0.0,0
262,@CNN,Rep. Adam Schiff on off-site interviews: The critical point is none of this is necessary; these witnesses are willi‚Ä¶ https://t.co/G8UFhyBu6a,2017-12-14 23:54:34,-0.3182,0.0,0.892,0.108,0
263,@CNN,"Rep. Adam Schiff questions if Republicans are trying to shut down Russia probe, cites witness interviews being cond‚Ä¶ https://t.co/yLR77GxOIA",2017-12-14 23:53:03,0.0,0.0,1.0,0.0,0
264,@CNN,The House Intelligence Committee plans to hold two off-site interviews in New York next week with high-profile witn‚Ä¶ https://t.co/kdoGI4geXg,2017-12-14 23:50:41,0.4767,0.147,0.853,0.0,0
265,@CNN,21st Century Fox executive co-chairman Rupert Murdoch brushed off the sexual harassment scandals that have roiled F‚Ä¶ https://t.co/i3a2ju584L,2017-12-14 23:46:04,-0.7717,0.0,0.705,0.295,0
266,@CNN,Trump literally cuts the red tape on regulations | Analysis by CNN's Brenna Williams https://t.co/XV4vmt4Qsc https://t.co/s4ABfVZz8t,2017-12-14 23:41:43,-0.296,0.0,0.864,0.136,0
267,@CNN,"35% of Interior Department employees say they were harassed in the past year, according to a newly released survey‚Ä¶ https://t.co/SAdjQwcVtl",2017-12-14 23:14:20,-0.5423,0.0,0.837,0.163,0
268,@CNN,A UN official who just returned from several days speaking with North Korean officials in Pyongyang has told CNN th‚Ä¶ https://t.co/8lhAulj2JR,2017-12-14 23:08:54,0.0,0.0,1.0,0.0,0
269,@CNN,Democrats are increasingly grappling with the likelihood that Congress could push a decision on DACA into January‚Ä¶ https://t.co/BMyMxTuZcE,2017-12-14 23:03:29,0.0,0.0,1.0,0.0,0
270,@CNN,"Sen. Ron Wyden: ‚ÄúIf there‚Äôs any effort by the President to interfere with Bob Mueller‚Äôs work, I think that‚Äôs going‚Ä¶ https://t.co/h2dx0yzBgM",2017-12-14 22:49:51,0.0,0.0,1.0,0.0,0
271,@CNN,"RT @TheLeadCNN: Speaker Paul Ryan has had soul searching conversations about his future with friends, some of his close friends tell CNN. T‚Ä¶",2017-12-14 22:47:52,0.7351,0.228,0.772,0.0,0
272,@CNN,5 reasons why Paul Ryan should definitely quit in 2018 | Analysis by CNN's Chris Cillizza https://t.co/3Dj9tHiPlz https://t.co/1YP5m0o90c,2017-12-14 22:47:14,0.4019,0.153,0.847,0.0,0
273,@CNN,"The vote to roll back #netneutrality rules was slammed by tech giants like Amazon, Facebook and Netflix.

It was ap‚Ä¶ https://t.co/YPICOEoTzj",2017-12-14 22:47:13,0.4939,0.181,0.819,0.0,0
274,@CNN,RT @CNNSitRoom: Sen. Marco Rubio told congressional leadership that he will not support the latest version of the GOP tax bill if the legis‚Ä¶,2017-12-14 22:34:18,-0.3089,0.0,0.911,0.089,0
275,@CNN,Republican Sen. Marco Rubio says he will not support the latest version of the GOP tax bill if the legislation does‚Ä¶ https://t.co/bwHgKGKZVw,2017-12-14 22:31:19,-0.3089,0.0,0.903,0.097,0
276,@CNN,"Refinery29 is laying off 34 employees, about 7% of its workforce, citing ""the challenges and tough decisions that c‚Ä¶ https://t.co/2JFY2IIonJ",2017-12-14 22:24:58,-0.0516,0.062,0.865,0.072,0
277,@CNN,"Cruise control designs could solve the vexing problem of phantom traffic jams, in which cars suddenly screech to a‚Ä¶ https://t.co/xamVmmsaiW",2017-12-14 22:19:27,-0.5994,0.073,0.694,0.233,0
278,@CNN,Amazon and Google are fighting an increasingly ugly battle that could drag their customers and their future busines‚Ä¶ https://t.co/3mZBYrEl0v,2017-12-14 22:13:51,-0.8225,0.065,0.538,0.396,0
279,@CNN,"The outside money that fueled a Doug Jones win, visualized https://t.co/PRql6SRrBo https://t.co/r3P20R5p8w",2017-12-14 22:08:23,0.5859,0.275,0.725,0.0,0
280,@CNN,Climate change in the Northern Arctic is happening so quickly it's forcing NOAA and others to rewrite a data-correc‚Ä¶ https://t.co/wd38WfXa4Q,2017-12-14 22:00:49,0.0,0.0,1.0,0.0,0
281,@CNN,1 number that suggests a MAJOR Democratic wave is coming in 2018 | Analysis by CNN's Chris Cillizza https://t.co/62IfplfkTg,2017-12-14 21:45:17,0.0772,0.08,0.92,0.0,0
282,@CNN,"Disney doubles down on sports, despite ESPN woes https://t.co/WUWBwqSV7i https://t.co/DgDs8YpYq5",2017-12-14 21:34:06,0.3412,0.211,0.789,0.0,0
283,@CNN,"Sources in the Senate tell CNN they have been worried about Sen. John McCain recently, describing him as looking in‚Ä¶ https://t.co/SZ6KMhOqwW",2017-12-14 21:29:00,-0.296,0.0,0.901,0.099,0
284,@CNN,"RT @CNNnewsroom: As Republican state Rep. Dan Johnson is found dead of a single gunshot wound, Brendan McCarthy - of the Kentucky Center fo‚Ä¶",2017-12-14 21:27:08,-0.6486,0.0,0.83,0.17,0
285,@CNN,"With a $4,999 starting price, Apple has released its most expensive computer yet. This iMac Pro could set you back‚Ä¶ https://t.co/SZmbu1WMFx",2017-12-14 21:16:00,0.0,0.0,1.0,0.0,0
286,@CNN,"Ady Barkan, who is battling ALS and confronted Sen. Jeff Flake while on a flight, says he's concerned about how the‚Ä¶ https://t.co/zW9WgfHSkE",2017-12-14 20:58:12,-0.4404,0.0,0.83,0.17,0
287,@CNN,"""I was a healthy 33-year-old, and I'm not going to be a healthy 34-year-old"": Ady Barkan, who is battling ALS and c‚Ä¶ https://t.co/wqKb25Pf6e",2017-12-14 20:46:41,0.5106,0.212,0.706,0.082,0
288,@CNN,"""The political upsets we've seen this year in New Jersey, Virginia and Alabama represent not so much a blue wave as‚Ä¶ https://t.co/cY8pEuBDlu",2017-12-14 20:29:17,-0.3612,0.0,0.889,0.111,0
289,@CNN,"President Trump cuts ribbon meant to symbolize ""red tape"" to show his administration‚Äôs goal of cutting regulations‚Ä¶ https://t.co/0qp0yI9Ut3",2017-12-14 20:07:56,-0.4019,0.0,0.812,0.188,0
290,@CNN,RT @CNNPolitics: President Trump shows off a chart of regulations on highway permits https://t.co/CfD0xBQJuC,2017-12-14 20:00:01,0.0,0.0,1.0,0.0,0
291,@CNN,"‚ÄúLet‚Äôs cut the red tape,‚Äù President Trump says before snipping a red ribbon between stacks of paper meant to show h‚Ä¶ https://t.co/nfmWUzrdL4",2017-12-14 19:56:58,-0.2732,0.0,0.905,0.095,0
292,@CNN,"RT @CNNPolitics: President Trump: ""I am challenging my cabinet to find and remove every single outdated, unlawful and excessive regulation‚Ä¶",2017-12-14 19:44:10,0.1531,0.078,0.922,0.0,0
293,@CNN,"President Trump says his administration has achieved ""regulatory savings"" for the first time in decades: ""For every‚Ä¶ https://t.co/3RLrU4CXmp",2017-12-14 19:43:00,0.0,0.0,1.0,0.0,0
294,@CNN,An accomplished British surgeon has admitted branding two of his patients' livers with his initials‚Ä¶ https://t.co/vswR6HWWsi,2017-12-14 19:39:08,0.5106,0.235,0.765,0.0,0
295,@CNN,President Trump speaks at the White House as the GOP's tax bill nears final vote. Watch CNN: https://t.co/UYpqI3w42L https://t.co/OcwOF0aPUu,2017-12-14 19:34:44,0.0,0.0,1.0,0.0,0
296,@CNN,"The 20 children and six adults killed five years ago at Sandy Hook Elementary School in Newtown, Connecticut will b‚Ä¶ https://t.co/PxedfjAPEs",2017-12-14 19:30:13,-0.6705,0.0,0.816,0.184,0
297,@CNN,"John McCain calls out Trump for his anti-media remarks, saying the President ""must understand his harmful rhetoric‚Ä¶ https://t.co/xb95lkKb1s",2017-12-14 19:20:07,0.0,0.0,1.0,0.0,0
298,@CNN,An American diplomat who resigned in disgust last week says she believes the Trump administration is putting Americ‚Ä¶ https://t.co/OoWLjnB4SZ,2017-12-14 19:09:05,-0.7096,0.0,0.742,0.258,0
299,@CNN,"House Speaker Paul Ryan has had conversations about his future with friends, who say they believe it's possible he‚Ä¶ https://t.co/llVDGpJ55u",2017-12-14 18:58:54,0.4767,0.14,0.86,0.0,0
300,@FoxNews,".@gen_jackkeane on the possibility of a military option against North Korea: ""This is not President Bush, this is n‚Ä¶ https://t.co/4Zdk3qF5qX",2017-12-15 04:30:30,0.0,0.0,1.0,0.0,0
301,@FoxNews,"Wreaths Across America volunteers have placed a wreath at 400,000 tombstones of US veterans at Arlington National C‚Ä¶ https://t.co/ViWEhjFUOA",2017-12-15 04:18:52,0.0,0.0,1.0,0.0,0
302,@FoxNews,'Tis the season! Take a look at New York City during the most wonderful time of year. https://t.co/IAFrXFZtGx,2017-12-15 04:05:06,0.6468,0.211,0.789,0.0,0
303,@FoxNews,Prominent appeals court judge to be investigated over sex misconduct claims https://t.co/pUvrwRjRMB,2017-12-15 03:58:57,0.3182,0.173,0.827,0.0,0
304,@FoxNews,"Las Vegas gunman Stephen Paddock‚Äôs $5M estate to be settled in court, judge says https://t.co/AYAQm03HN5",2017-12-15 03:51:22,0.0,0.0,1.0,0.0,0
305,@FoxNews,".@GOPChairwoman on winning Republican votes in midterm elections: ""We have to start showing up in these blue states‚Ä¶ https://t.co/bfzhGgeDgu",2017-12-15 03:43:54,0.5267,0.159,0.841,0.0,0
306,@FoxNews,"#Trump, Putin talk North Korea in phone call 
https://t.co/SjuCmAdDOU",2017-12-15 03:41:29,0.0,0.0,1.0,0.0,0
307,@FoxNews,.@IngrahamAngle: Mueller Probe 'Irreparably Tainted' After Revelations of Anti-Trump Bias https://t.co/g9gKx84fOy,2017-12-15 03:41:00,-0.1027,0.0,0.877,0.123,0
308,@FoxNews,".@GOPChairwoman on @POTUS: ""He's ready for 2018, he's always looking to help people's lives be better and he's focu‚Ä¶ https://t.co/KUVVpDjNr3",2017-12-15 03:39:21,0.7964,0.323,0.677,0.0,0
309,@FoxNews,".@seanspicer on @SpeakerRyan: ""He's got a lot to be proud of but I think he sees the next few years as an opportuni‚Ä¶ https://t.co/z0XgInQQIW",2017-12-15 03:30:38,0.2617,0.089,0.911,0.0,0
310,@FoxNews,".@seanspicer on reports of @SpeakerRyan stepping down: ""I think one of the traps that we as Conservatives need to s‚Ä¶ https://t.co/TNdxWslntL",2017-12-15 03:28:47,0.0,0.0,1.0,0.0,0
311,@FoxNews,".@AmbJohnBolton on bias in Mueller investigation: ""I think James Comey so badly bungled the Clinton email investiga‚Ä¶ https://t.co/5sjg8gKHbr",2017-12-15 03:21:06,-0.6588,0.0,0.748,0.252,0
312,@FoxNews,".@AmbJohnBolton on bias in Mueller investigation: ""I think we are seeing the destruction of the reputation of the J‚Ä¶ https://t.co/V1MeMZvVaF",2017-12-15 03:18:21,-0.6249,0.0,0.779,0.221,0
313,@FoxNews,".@IngrahamAngle: ""What we've seen over the past seven months of the Mueller investigation reveals a lot about how b‚Ä¶ https://t.co/oQQClSsMEF",2017-12-15 03:15:47,0.0,0.0,1.0,0.0,0
314,@FoxNews,".@dbongino : ""If there was a text message in 2008 right before the election between 2 senior @FBI agents investigat‚Ä¶ https://t.co/9X9WMNY50m",2017-12-15 03:04:09,0.0,0.0,1.0,0.0,0
315,@FoxNews,".@newtgingrich on possible @HillaryClinton and @FBI investigations: ""The Attorney General has to step up to the pla‚Ä¶ https://t.co/mzEVoyG0Hv",2017-12-15 02:51:23,0.0,0.0,1.0,0.0,0
316,@FoxNews,"President @realDonaldTrump's grandson Luke is hard at work in the Oval Office to ‚Äú#MakeAmericaGreatAgain,‚Äù accordin‚Ä¶ https://t.co/kV0O0ySmJc",2017-12-15 02:42:44,-0.1027,0.0,0.915,0.085,0
317,@FoxNews,".@newtgingrich on Comey's draft statement about @FBI's investigation of @HillaryClinton's emails: ""At every level,‚Ä¶ https://t.co/fybZwzPMdf",2017-12-15 02:40:06,0.0,0.0,1.0,0.0,0
318,@FoxNews,".@newtgingrich on Comey's draft statement about @FBI's investigation of @HillaryClinton's emails: ""I think AG Sessi‚Ä¶ https://t.co/TpsiCBEDWb",2017-12-15 02:35:41,0.0,0.0,1.0,0.0,0
319,@FoxNews,.@TomFitton on trying to 'hold [Hillary Clinton] accountable' by getting her email records from State &amp; Justice Dep‚Ä¶ https://t.co/DCauCVG7lQ,2017-12-15 02:25:40,0.5267,0.159,0.841,0.0,0
320,@FoxNews,".@gen_jackkeane on the possibility of a military option against North Korea: ""This is not President Bush, this is n‚Ä¶ https://t.co/4Zdk3qF5qX",2017-12-15 04:30:30,0.0,0.0,1.0,0.0,0
321,@FoxNews,"Wreaths Across America volunteers have placed a wreath at 400,000 tombstones of US veterans at Arlington National C‚Ä¶ https://t.co/ViWEhjFUOA",2017-12-15 04:18:52,0.0,0.0,1.0,0.0,0
322,@FoxNews,'Tis the season! Take a look at New York City during the most wonderful time of year. https://t.co/IAFrXFZtGx,2017-12-15 04:05:06,0.6468,0.211,0.789,0.0,0
323,@FoxNews,Prominent appeals court judge to be investigated over sex misconduct claims https://t.co/pUvrwRjRMB,2017-12-15 03:58:57,0.3182,0.173,0.827,0.0,0
324,@FoxNews,"Las Vegas gunman Stephen Paddock‚Äôs $5M estate to be settled in court, judge says https://t.co/AYAQm03HN5",2017-12-15 03:51:22,0.0,0.0,1.0,0.0,0
325,@FoxNews,".@GOPChairwoman on winning Republican votes in midterm elections: ""We have to start showing up in these blue states‚Ä¶ https://t.co/bfzhGgeDgu",2017-12-15 03:43:54,0.5267,0.159,0.841,0.0,0
326,@FoxNews,"#Trump, Putin talk North Korea in phone call 
https://t.co/SjuCmAdDOU",2017-12-15 03:41:29,0.0,0.0,1.0,0.0,0
327,@FoxNews,.@IngrahamAngle: Mueller Probe 'Irreparably Tainted' After Revelations of Anti-Trump Bias https://t.co/g9gKx84fOy,2017-12-15 03:41:00,-0.1027,0.0,0.877,0.123,0
328,@FoxNews,".@GOPChairwoman on @POTUS: ""He's ready for 2018, he's always looking to help people's lives be better and he's focu‚Ä¶ https://t.co/KUVVpDjNr3",2017-12-15 03:39:21,0.7964,0.323,0.677,0.0,0
329,@FoxNews,".@seanspicer on @SpeakerRyan: ""He's got a lot to be proud of but I think he sees the next few years as an opportuni‚Ä¶ https://t.co/z0XgInQQIW",2017-12-15 03:30:38,0.2617,0.089,0.911,0.0,0
330,@FoxNews,".@seanspicer on reports of @SpeakerRyan stepping down: ""I think one of the traps that we as Conservatives need to s‚Ä¶ https://t.co/TNdxWslntL",2017-12-15 03:28:47,0.0,0.0,1.0,0.0,0
331,@FoxNews,".@AmbJohnBolton on bias in Mueller investigation: ""I think James Comey so badly bungled the Clinton email investiga‚Ä¶ https://t.co/5sjg8gKHbr",2017-12-15 03:21:06,-0.6588,0.0,0.748,0.252,0
332,@FoxNews,".@AmbJohnBolton on bias in Mueller investigation: ""I think we are seeing the destruction of the reputation of the J‚Ä¶ https://t.co/V1MeMZvVaF",2017-12-15 03:18:21,-0.6249,0.0,0.779,0.221,0
333,@FoxNews,".@IngrahamAngle: ""What we've seen over the past seven months of the Mueller investigation reveals a lot about how b‚Ä¶ https://t.co/oQQClSsMEF",2017-12-15 03:15:47,0.0,0.0,1.0,0.0,0
334,@FoxNews,".@dbongino : ""If there was a text message in 2008 right before the election between 2 senior @FBI agents investigat‚Ä¶ https://t.co/9X9WMNY50m",2017-12-15 03:04:09,0.0,0.0,1.0,0.0,0
335,@FoxNews,".@newtgingrich on possible @HillaryClinton and @FBI investigations: ""The Attorney General has to step up to the pla‚Ä¶ https://t.co/mzEVoyG0Hv",2017-12-15 02:51:23,0.0,0.0,1.0,0.0,0
336,@FoxNews,"President @realDonaldTrump's grandson Luke is hard at work in the Oval Office to ‚Äú#MakeAmericaGreatAgain,‚Äù accordin‚Ä¶ https://t.co/kV0O0ySmJc",2017-12-15 02:42:44,-0.1027,0.0,0.915,0.085,0
337,@FoxNews,".@newtgingrich on Comey's draft statement about @FBI's investigation of @HillaryClinton's emails: ""At every level,‚Ä¶ https://t.co/fybZwzPMdf",2017-12-15 02:40:06,0.0,0.0,1.0,0.0,0
338,@FoxNews,".@newtgingrich on Comey's draft statement about @FBI's investigation of @HillaryClinton's emails: ""I think AG Sessi‚Ä¶ https://t.co/TpsiCBEDWb",2017-12-15 02:35:41,0.0,0.0,1.0,0.0,0
339,@FoxNews,.@TomFitton on trying to 'hold [Hillary Clinton] accountable' by getting her email records from State &amp; Justice Dep‚Ä¶ https://t.co/DCauCVG7lQ,2017-12-15 02:25:40,0.5267,0.159,0.841,0.0,0
340,@FoxNews,".@MarkSteynOnline: ""I think occasionally, 'Do I really want to be alone with a female employee now?' Who knows how‚Ä¶ https://t.co/ymlFeuy6Rs",2017-12-15 02:08:13,-0.1706,0.069,0.828,0.103,0
341,@FoxNews,.@seanhannity on James Comey's newly uncovered draft statement on the investigation into @HillaryClinton's emails:‚Ä¶ https://t.co/SAssLFiA7G,2017-12-15 02:06:21,0.0,0.0,1.0,0.0,0
342,@FoxNews,".@KatiePavlich: ""Feminists have to make a choice - they either want to be treated like men as they claim, and then‚Ä¶ https://t.co/R4MCWMLnV4",2017-12-15 02:05:01,0.4215,0.174,0.826,0.0,0
343,@FoxNews,".@TuckerCarlson: ""Imagine if you were accused by someone, whose name you didn't know, of a misdeed you couldn't rem‚Ä¶ https://t.co/9WnfR8ZVeO",2017-12-15 01:45:03,-0.296,0.0,0.891,0.109,0
344,@FoxNews,Officers with the Fairfax County Police Department in Virginia visited Inova Children's Hospital to deliver Christm‚Ä¶ https://t.co/tOrrwweYAy,2017-12-15 01:42:39,0.0,0.0,1.0,0.0,0
345,@FoxNews,".@AlanDersh: ""Transparency trumps privacy when you're a government official.""  #Tucker https://t.co/VcHhTbZ61h",2017-12-15 01:33:42,0.0,0.0,1.0,0.0,0
346,@FoxNews,".@AlanDersh: ""Does anybody want to live under a judicial system where one's freedom depends on whether the conduct‚Ä¶ https://t.co/hljaw2kPcj",2017-12-15 01:28:19,0.6705,0.256,0.744,0.0,0
347,@FoxNews,".@SenRonJohnson on @HillaryClinton email investigation: ""I have no idea why the @FBI just doesn't come clean and pr‚Ä¶ https://t.co/GvdJc8vt4s",2017-12-15 01:21:22,-0.5358,0.0,0.792,0.208,0
348,@FoxNews,".@SenRonJohnson on @HillaryClinton email probe: ""This is not an investigation that was serious about uncovering the‚Ä¶ https://t.co/EWQPT0yrDy",2017-12-15 01:15:08,-0.0772,0.0,0.925,0.075,0
349,@FoxNews,Philadelphia City Council approves bill to remove bulletproof glass from storefronts https://t.co/BwjVPWzoJP,2017-12-15 01:00:22,0.4019,0.197,0.803,0.0,0
350,@FoxNews,".@robertjeffress on @POTUS' Israel decision: ""President @realDonaldTrump is not only on the right side of history,‚Ä¶ https://t.co/WZ7YnnAuaj",2017-12-15 00:59:17,0.0,0.0,1.0,0.0,0
351,@FoxNews,".@robertjeffress on @POTUS' Israel decision: ""I thank President #Trump for having the guts for doing what no other‚Ä¶ https://t.co/1H6TYFVY4L",2017-12-15 00:57:23,0.0772,0.115,0.783,0.101,0
352,@FoxNews,".@Judgenap: It Doesn't Matter Who Made Edits to Clinton Statement, Comey's Responsible https://t.co/QHptKJsMoE",2017-12-15 00:54:22,0.3018,0.16,0.765,0.075,0
353,@FoxNews,Catherine Herridge shares new details about an early draft of then-@FBI Director Comey's statement which recommende‚Ä¶ https://t.co/au9cbWPTVX,2017-12-15 00:53:58,0.296,0.121,0.879,0.0,0
354,@FoxNews,"Former Clinton Strategist: Mueller, FBI Face 'Crisis in Public Confidence' https://t.co/4BKuNg0AfA",2017-12-15 00:52:30,-0.2023,0.201,0.549,0.25,0
355,@FoxNews,".@marcthiessen on @POTUS slashing government regulations: ""What he did today with regulations is hugely important b‚Ä¶ https://t.co/UqBi1LBvd6",2017-12-15 00:48:57,-0.0018,0.109,0.782,0.109,0
356,@FoxNews,"Matt Bennett on @POTUS slashing government regulations: ""He's not gonna be able to save the Senate based on cutting‚Ä¶ https://t.co/m2FZKtkdcz",2017-12-15 00:46:55,0.2732,0.137,0.773,0.09,0
357,@FoxNews,".@marcthiessen on 2018 midterm elections: ""@realDonaldTrump doesn't have to have national approval ratings because‚Ä¶ https://t.co/y3OOkCV9DG",2017-12-15 00:44:26,0.4767,0.181,0.819,0.0,0
358,@FoxNews,".@LarrySabato on 2018 midterm elections: ""Democrats have 10 seats with Democratic senators coming up in states that‚Ä¶ https://t.co/Ki6CSuQCB5",2017-12-15 00:41:44,0.0,0.0,1.0,0.0,0
359,@FoxNews,"Larry Sabato on Democrats during 2018 midterm elections: ""The out-of-power party tends to be energized at midterm e‚Ä¶ https://t.co/hBjewCgpKe",2017-12-15 00:37:48,0.7184,0.261,0.739,0.0,0
360,@FoxNews,".@jasoninthehouse on Comey's draft statement on #Clinton email probe: ""Why are we supposed to just believe everythi‚Ä¶ https://t.co/xVIC7yatl3",2017-12-15 00:33:58,0.0,0.0,1.0,0.0,0
361,@FoxNews,"Mark Penn on anti-Trump text messages: ""It's pretty obvious here that these text messages are only gonna pile on to‚Ä¶ https://t.co/LrRg5uLr3V",2017-12-15 00:18:50,0.4939,0.138,0.862,0.0,0
362,@FoxNews,.@kimguilfoyle: Edits on Comey's Clinton Memo Show He 'Overstepped His Bounds' https://t.co/lTgLdPi7vQ,2017-12-15 00:16:23,0.0,0.0,1.0,0.0,0
363,@FoxNews,".@MZHemingway: ""Ultimately, we are talking about whether you can trust our @FBI to do a good job investigating peop‚Ä¶ https://t.co/F6THU9qUl1",2017-12-15 00:07:07,0.7351,0.267,0.733,0.0,0
364,@FoxNews,"""The job of the @FBI is not to decide whom to prosecute, but to present the evidence to professional prosecutors in‚Ä¶ https://t.co/43AR0tgfVX",2017-12-14 23:57:47,-0.2144,0.0,0.919,0.081,0
365,@FoxNews,"Long Island woman laundered money to ISIS through Bitcoin, prosecutors say https://t.co/XJSQ4Vq3Xi",2017-12-14 23:42:03,0.0,0.0,1.0,0.0,0
366,@FoxNews,"RT @MikeEmanuelFox: Not all Republicans are on board with the current tax package - from #SpecialReport with @bretbaier tonight:

https://t‚Ä¶",2017-12-14 23:40:51,0.0,0.0,1.0,0.0,0
367,@FoxNews,".@OrrinHatch on tax reform bill: ""It's going to be a major reduction in taxes...We want to hold onto that and I thi‚Ä¶ https://t.co/ZJVSQpR4q0",2017-12-14 23:31:25,0.0772,0.061,0.939,0.0,0
368,@FoxNews,Female Democratic lawmaker walks back comments on women's wardrobes being an 'invitation' to harassment https://t.co/u3J7YI4QAo,2017-12-14 23:19:06,-0.5423,0.0,0.8,0.2,0
369,@FoxNews,"RT @FoxNewsResearch: #StarWars 
‚Ä¢Last Jedi: 9th Star Wars movie since 1977
‚Ä¢Franchise-to-date: $7.3+ billion box office worldwide 
‚Ä¢2015: T‚Ä¶",2017-12-14 23:18:18,-0.5574,0.0,0.833,0.167,0
370,@FoxNews,#SantaClaus handed out candy canes to kids during a celebration for the #USSAsheville's arrival at the @USNavy's‚Ä¶ https://t.co/7c5S5tcM7c,2017-12-14 23:05:28,0.0,0.0,1.0,0.0,0
371,@FoxNews,"Evergreen professor who made anti-white comments resigns, gets $240G settlement https://t.co/X5jGDfzTaX",2017-12-14 23:01:10,-0.3182,0.0,0.813,0.187,0
372,@FoxNews,GOP senators hold back support for tax bill over child tax credit https://t.co/NAMfTVdO5G,2017-12-14 22:46:50,0.6486,0.325,0.675,0.0,0
373,@FoxNews,".@kimguilfoyle on James Comey ""overstepping his bounds"": ""What it looks like is they actually tried to tip the scal‚Ä¶ https://t.co/QmuMC0enkK",2017-12-14 22:37:12,0.3612,0.116,0.884,0.0,0
374,@FoxNews,"Comey edits revealed: Remarks on Clinton probe were watered down, documents show https://t.co/jpx1nMxGZ6",2017-12-14 22:33:38,0.0,0.0,1.0,0.0,0
375,@FoxNews,"'Draining the Swamp': @POTUS Literally Cuts Red Tape, Touts Historic Regulatory Reform https://t.co/LJYvrUXCzh",2017-12-14 22:31:31,-0.3182,0.0,0.769,0.231,0
376,@FoxNews,Ex-NBC News production assistant reveals secret relationship with Matt Lauer https://t.co/Tvj3AmcDdi,2017-12-14 22:25:10,0.0,0.0,1.0,0.0,0
377,@FoxNews,"US fighter jets 'head-butt' Russian jets in Syria, US official says https://t.co/GSLnkjCqYT",2017-12-14 22:12:11,0.1531,0.127,0.873,0.0,0
378,@FoxNews,Fertility doctor accused of impregnating patients with own sperm receives no jail time https://t.co/gOwHMZKFDN,2017-12-14 22:03:15,-0.5267,0.0,0.732,0.268,0
379,@FoxNews,"Lee Carter on Rubio voting ""no"" GOP tax bill: ""I think @marcorubio is trying to be a hero for the middle class.""‚Ä¶ https://t.co/FMen8lQi76",2017-12-14 22:01:05,0.5574,0.146,0.854,0.0,0
380,@FoxNews,"Arizona man accused of burning down $40,000 Christmas tree https://t.co/0FwYhVX7AB",2017-12-14 21:54:52,-0.296,0.0,0.804,0.196,0
381,@FoxNews,"Doug Burns on anti-Trump text messages: ""You're entitled to have your own private political opinion, that's true, b‚Ä¶ https://t.co/vvo4S8nIUC",2017-12-14 21:43:28,0.5994,0.224,0.776,0.0,0
382,@FoxNews,".@BuckSexton on ISIS threats in NYC: ""In the era of lone wolf Jihadism that we're in right now, you never know. All‚Ä¶ https://t.co/yhGYHt7nxk",2017-12-14 21:35:26,-0.5994,0.0,0.811,0.189,0
383,@FoxNews,".@BuckSexton on ISIS threats to NYC: ""A big part of how Jihadists pick their targets is symbolism and that's why Ne‚Ä¶ https://t.co/XzOTDJyjWA",2017-12-14 21:32:17,-0.4215,0.0,0.882,0.118,0
384,@FoxNews,Widow of Kentucky State Rep. Dan Johnson says she'll pursue his seat https://t.co/IgsJfAa02i,2017-12-14 21:28:08,0.0,0.0,1.0,0.0,0
385,@FoxNews,Fivo the elf has left the shelf for fun in the snow with the Long Branch Police Department. https://t.co/ldoijqwce9,2017-12-14 21:15:26,0.5106,0.155,0.845,0.0,0
386,@FoxNews,"Republicans turn focus to FBI's McCabe over texts on 'insurance' against Trump - via @brookefoxnews
https://t.co/FDiPZyhd1j",2017-12-14 21:13:18,0.0,0.0,1.0,0.0,0
387,@FoxNews,Officials confirm first firefighter death in California. https://t.co/KkoA2UoBCD,2017-12-14 20:46:32,-0.5994,0.0,0.642,0.358,0
388,@FoxNews,"Moments ago, First Lady Melania Trump released the official 2017 First Couple #Christmas portrait, and wished every‚Ä¶ https://t.co/RJ8I2SVG2y",2017-12-14 20:36:52,0.0,0.0,1.0,0.0,0
389,@FoxNews,"Moments ago, @FLOTUS released the official 2017 First Couple #Christmas portrait. https://t.co/m5bmlsF6j2",2017-12-14 20:31:48,0.0,0.0,1.0,0.0,0
390,@FoxNews,What stays with Fox. https://t.co/8nyD4uw6fJ,2017-12-14 20:28:20,0.0,0.0,1.0,0.0,0
391,@FoxNews,What @Disney gets. https://t.co/Mpg6PZUZAg,2017-12-14 20:27:58,0.0,0.0,1.0,0.0,0
392,@FoxNews,".@JMFreeSpeech: Is it time for a national ID card to prevent terror attacks? 
https://t.co/W7bSrTJTCD",2017-12-14 20:26:41,-0.7351,0.063,0.575,0.362,0
393,@FoxNews,.@SecNielsen: Still Need Congress to Approve Funds for New Border Wall Sections https://t.co/CYsrlbLY79 https://t.co/qpCsGcsUoa,2017-12-14 20:23:07,0.0,0.0,1.0,0.0,0
394,@FoxNews,.@POTUS cuts the red tape. https://t.co/GkoTCpEDAr,2017-12-14 20:18:22,-0.296,0.0,0.694,0.306,0
395,@FoxNews,".@KatiePavlich: ""Feminists have to make a choice - they either want to be treated like men as they claim, and then‚Ä¶ https://t.co/Fb32qs2zZW",2017-12-14 20:15:05,0.4215,0.174,0.826,0.0,0
396,@FoxNews,LiAngelo Ball: UCLA Made Me Thank @POTUS After China Shoplifting Arrest https://t.co/FSFyaLaIaA https://t.co/7rNgndveUT,2017-12-14 20:12:56,0.0258,0.157,0.692,0.151,0
397,@FoxNews,".@POTUS: ""In 1960, there were approximately 20,000 pages in the code of federal regulations. Today there are over 1‚Ä¶ https://t.co/vg9MjrQDZc",2017-12-14 20:03:45,0.0,0.0,1.0,0.0,0
398,@FoxNews,"""For the first time in decades, we achieved regulatory savings. Hasn't happened in many decades. We blew our target‚Ä¶ https://t.co/DfitBMGpCI",2017-12-14 20:03:07,0.0,0.0,1.0,0.0,0
399,@FoxNews,"RT @HARRISFAULKNER: Following the #breakingnews of Speaker Ryan's potential retirement plans, @Kellyannepolls discusses his role in the Hou‚Ä¶",2017-12-14 19:49:50,0.0,0.0,1.0,0.0,0
400,@nytimes,"Through his dizzying lens, he became a celebrity for his high-altitude stunts. But then, suddenly, his online posts‚Ä¶ https://t.co/pxTHiBYBHn",2017-12-15 04:32:06,0.0,0.0,1.0,0.0,0
401,@nytimes,10 new books recommended by critics and editors at The New York Times https://t.co/dDY3tBS0DP,2017-12-15 04:17:01,-0.1027,0.113,0.75,0.138,0
402,@nytimes,‚ÄòNot a Day Goes by That I Don‚Äôt Think About Jerusalem‚Äô https://t.co/r7gc7Zkvx3,2017-12-15 04:04:05,0.0,0.0,1.0,0.0,0
403,@nytimes,"How one harasser can rob a generation of women
https://t.co/TsRIkc1nnU",2017-12-15 04:02:03,-0.7906,0.0,0.5,0.5,0
404,@nytimes,"Our tracking needle, both loved and loathed, returned for Alabama‚Äôs Senate vote. Our editors tell its story. https://t.co/K7tjQzKkfV",2017-12-15 03:47:07,0.2023,0.17,0.696,0.135,0
405,@nytimes,"Our photojournalist took a 3-month, 12,000-mile journey through Australia‚Äôs outback. Here's what he saw.‚Ä¶ https://t.co/aBA8AAv5yO",2017-12-15 03:32:03,0.0,0.0,1.0,0.0,0
406,@nytimes,"Larry David will make a tenth season of ""Curb Your Enthusiasm"" https://t.co/ZDO7oTbzK8",2017-12-15 03:17:05,0.4404,0.225,0.775,0.0,0
407,@nytimes,"They will never know how much his parents loved him. To these men, a 10-month-old boy was just one more victim of m‚Ä¶ https://t.co/OgFIFMrsXV",2017-12-15 03:02:05,0.3626,0.143,0.769,0.088,0
408,@nytimes,Nearly 5 million children could be at risk of losing health insurance next month https://t.co/QKyPYiOCmk,2017-12-15 02:47:06,-0.5719,0.0,0.719,0.281,0
409,@nytimes,How Luke Skywalker inherited his lonely Jedi responsibility https://t.co/bZrhlnJb7h https://t.co/tkPATb5CKR,2017-12-15 02:32:08,-0.3612,0.0,0.783,0.217,0
410,@nytimes,Evening Briefing: Here's what you need to know at the end of the day https://t.co/ZPzEL5gCoi,2017-12-15 02:17:03,0.0,0.0,1.0,0.0,0
411,@nytimes,"For some, a sheriff's broad authority is a defense of liberty. Others worry that it allows them to act above the la‚Ä¶ https://t.co/fBxV3b9dtd",2017-12-15 02:05:03,0.3182,0.238,0.651,0.111,0
412,@nytimes,"""How old would Ben be?""

""Eleven."" 

Ben Wheeler would be a sixth-grader now. https://t.co/YUlEMaGQbZ https://t.co/m1orGuCyCM",2017-12-15 01:55:12,0.0,0.0,1.0,0.0,0
413,@nytimes,"RT @nytpolitics: ""They're lying to you,"" an activist told Senator Susan Collins in an emotional plea for her to vote against the tax bill.‚Ä¶",2017-12-15 01:47:03,-0.4215,0.059,0.815,0.126,0
414,@nytimes,The best dance of 2017 https://t.co/afGnvFwqNH,2017-12-15 01:32:04,0.6369,0.457,0.543,0.0,0
415,@nytimes,The FCC voted to repeal Obama-era net neutrality rules. Here‚Äôs what you need to know. https://t.co/HDvU028tkI,2017-12-15 01:17:01,0.0,0.0,1.0,0.0,0
416,@nytimes,"In a blow to workers, the National Labor Relations Board reversed an Obama-era ruling that helped unions fight hote‚Ä¶ https://t.co/HxO8b5fiMf",2017-12-15 01:02:06,-0.3818,0.0,0.874,0.126,0
417,@nytimes,"RT @jennyschuessler: 'Youthquake‚Äô Is Oxford‚Äôs Word of the Year. Sorry, Broflake. https://t.co/v0vjGrF7A8",2017-12-15 00:47:02,-0.0772,0.0,0.894,0.106,0
418,@nytimes,The share of the world's income going to the top 1 percent has shrunk since the financial crisis. Here's why that m‚Ä¶ https://t.co/mKSxGbtB2k,2017-12-15 00:32:04,-0.2732,0.148,0.701,0.151,0
419,@nytimes,"The Disney-Fox deal needs U.S. approval but has friends in high places, our columnist @JamesStewartNYT writes https://t.co/mJXzWeA0NF",2017-12-15 00:17:03,0.7351,0.292,0.708,0.0,0
420,@nytimes,"Through his dizzying lens, he became a celebrity for his high-altitude stunts. But then, suddenly, his online posts‚Ä¶ https://t.co/pxTHiBYBHn",2017-12-15 04:32:06,0.0,0.0,1.0,0.0,0
421,@nytimes,10 new books recommended by critics and editors at The New York Times https://t.co/dDY3tBS0DP,2017-12-15 04:17:01,-0.1027,0.113,0.75,0.138,0
422,@nytimes,‚ÄòNot a Day Goes by That I Don‚Äôt Think About Jerusalem‚Äô https://t.co/r7gc7Zkvx3,2017-12-15 04:04:05,0.0,0.0,1.0,0.0,0
423,@nytimes,"How one harasser can rob a generation of women
https://t.co/TsRIkc1nnU",2017-12-15 04:02:03,-0.7906,0.0,0.5,0.5,0
424,@nytimes,"Our tracking needle, both loved and loathed, returned for Alabama‚Äôs Senate vote. Our editors tell its story. https://t.co/K7tjQzKkfV",2017-12-15 03:47:07,0.2023,0.17,0.696,0.135,0
425,@nytimes,"Our photojournalist took a 3-month, 12,000-mile journey through Australia‚Äôs outback. Here's what he saw.‚Ä¶ https://t.co/aBA8AAv5yO",2017-12-15 03:32:03,0.0,0.0,1.0,0.0,0
426,@nytimes,"Larry David will make a tenth season of ""Curb Your Enthusiasm"" https://t.co/ZDO7oTbzK8",2017-12-15 03:17:05,0.4404,0.225,0.775,0.0,0
427,@nytimes,"They will never know how much his parents loved him. To these men, a 10-month-old boy was just one more victim of m‚Ä¶ https://t.co/OgFIFMrsXV",2017-12-15 03:02:05,0.3626,0.143,0.769,0.088,0
428,@nytimes,Nearly 5 million children could be at risk of losing health insurance next month https://t.co/QKyPYiOCmk,2017-12-15 02:47:06,-0.5719,0.0,0.719,0.281,0
429,@nytimes,How Luke Skywalker inherited his lonely Jedi responsibility https://t.co/bZrhlnJb7h https://t.co/tkPATb5CKR,2017-12-15 02:32:08,-0.3612,0.0,0.783,0.217,0
430,@nytimes,Evening Briefing: Here's what you need to know at the end of the day https://t.co/ZPzEL5gCoi,2017-12-15 02:17:03,0.0,0.0,1.0,0.0,0
431,@nytimes,"For some, a sheriff's broad authority is a defense of liberty. Others worry that it allows them to act above the la‚Ä¶ https://t.co/fBxV3b9dtd",2017-12-15 02:05:03,0.3182,0.238,0.651,0.111,0
432,@nytimes,"""How old would Ben be?""

""Eleven."" 

Ben Wheeler would be a sixth-grader now. https://t.co/YUlEMaGQbZ https://t.co/m1orGuCyCM",2017-12-15 01:55:12,0.0,0.0,1.0,0.0,0
433,@nytimes,"RT @nytpolitics: ""They're lying to you,"" an activist told Senator Susan Collins in an emotional plea for her to vote against the tax bill.‚Ä¶",2017-12-15 01:47:03,-0.4215,0.059,0.815,0.126,0
434,@nytimes,The best dance of 2017 https://t.co/afGnvFwqNH,2017-12-15 01:32:04,0.6369,0.457,0.543,0.0,0
435,@nytimes,The FCC voted to repeal Obama-era net neutrality rules. Here‚Äôs what you need to know. https://t.co/HDvU028tkI,2017-12-15 01:17:01,0.0,0.0,1.0,0.0,0
436,@nytimes,"In a blow to workers, the National Labor Relations Board reversed an Obama-era ruling that helped unions fight hote‚Ä¶ https://t.co/HxO8b5fiMf",2017-12-15 01:02:06,-0.3818,0.0,0.874,0.126,0
437,@nytimes,"RT @jennyschuessler: 'Youthquake‚Äô Is Oxford‚Äôs Word of the Year. Sorry, Broflake. https://t.co/v0vjGrF7A8",2017-12-15 00:47:02,-0.0772,0.0,0.894,0.106,0
438,@nytimes,The share of the world's income going to the top 1 percent has shrunk since the financial crisis. Here's why that m‚Ä¶ https://t.co/mKSxGbtB2k,2017-12-15 00:32:04,-0.2732,0.148,0.701,0.151,0
439,@nytimes,"The Disney-Fox deal needs U.S. approval but has friends in high places, our columnist @JamesStewartNYT writes https://t.co/mJXzWeA0NF",2017-12-15 00:17:03,0.7351,0.292,0.708,0.0,0
440,@nytimes,Evening Briefing: Here's what you need to know at the end of the day https://t.co/0O1YWE1F4m,2017-12-15 00:02:04,0.0,0.0,1.0,0.0,0
441,@nytimes,"An Alabama sheriff's activities raise questions about the broad powers given to these officers, emboldened in the e‚Ä¶ https://t.co/I9FYzUn5Zj",2017-12-14 23:45:05,0.0,0.0,1.0,0.0,0
442,@nytimes,"RT @nytopinion: We asked @nytopinion columnists to give each other reading recommendations. Here‚Äôs what @PaulKrugman, @MaureenDowd, @NickKr‚Ä¶",2017-12-14 23:36:37,0.0,0.0,1.0,0.0,0
443,@nytimes,"Doctors have found a new way to treat heart arrhythmias leading to sudden death, a leading killer in the U.S. https://t.co/PVGb673wQ6",2017-12-14 23:17:03,-0.7579,0.1,0.595,0.305,0
444,@nytimes,"From secret baby to warrior to general, how Princess Leia became one of the most iconic characters in ""Star Wars""‚Ä¶ https://t.co/NzpcxXDivp",2017-12-14 23:01:47,0.0,0.0,1.0,0.0,0
445,@nytimes,These videos include graphic scenes of violence and have sparked outrage over police treatment of black people https://t.co/OnlhCw04E1,2017-12-14 22:45:15,-0.8126,0.0,0.684,0.316,0
446,@nytimes,There is no time to linger. That altitude is called the ‚Äúdeath zone‚Äù for good reason. Climbing Everest is a formida‚Ä¶ https://t.co/bO8kppERlg,2017-12-14 22:25:14,0.1779,0.12,0.788,0.091,0
447,@nytimes,"Serve it straight out of the oven, when it's at its puffiest https://t.co/9kF3bSEjj1",2017-12-14 22:15:05,0.2263,0.137,0.863,0.0,0
448,@nytimes,RT @nytvideo: Here‚Äôs how net neutrality works: https://t.co/leS8Rzr8GV https://t.co/vhRe9W9AnP,2017-12-14 22:01:05,0.0,0.0,1.0,0.0,0
449,@nytimes,"Opinion: ""In his first 10 months in office, Donald J. Trump has told 103 separate untruths, many of them repeatedly‚Ä¶ https://t.co/ERRGdTc1YQ",2017-12-14 21:52:40,0.0,0.0,1.0,0.0,0
450,@nytimes,"Don‚Äôt overlook Ireland‚Äôs second city, which is well worth a full weekend of its own https://t.co/FHYw88vw1b",2017-12-14 21:45:12,0.4588,0.235,0.765,0.0,0
451,@nytimes,A quick refresher on what happened in the last ‚ÄúStar Wars‚Äù movie before you go see the next one‚Ä¶ https://t.co/btuHpYBLY0,2017-12-14 21:30:10,0.0,0.0,1.0,0.0,0
452,@nytimes,"Kit Harrington is doing things other than being a sad, pensive panda on Game of Thrones https://t.co/wiepeXqz2w",2017-12-14 21:15:10,-0.4215,0.071,0.761,0.168,0
453,@nytimes,The surprising result in Alabama gives Democrats a plausible path to take control of the Senate https://t.co/lb9JL3DkYo,2017-12-14 21:07:04,0.2732,0.123,0.877,0.0,0
454,@nytimes,"It would be fair to argue that the internet was, for the most part, a rancid stew of awful in 2017. But it wasn‚Äôt a‚Ä¶ https://t.co/RgtJCTHHBr",2017-12-14 21:00:43,-0.7832,0.071,0.647,0.283,0
455,@nytimes,"The size of wine glasses in Britain has increased nearly sevenfold over 300 years, a research team found https://t.co/ArYJb3ZxQz",2017-12-14 20:45:10,0.2732,0.11,0.89,0.0,0
456,@nytimes,"She's a Democrat who sees Trump's behavior as ""just nasty."" But she's counting on him to bolster Wyoming's economy. https://t.co/kyUxCB7Xvk",2017-12-14 20:30:30,0.0,0.0,1.0,0.0,0
457,@nytimes,"Through his dizzying lens, he became a celebrity for his high-altitude stunts. But then, suddenly, his online posts‚Ä¶ https://t.co/gfegpRqWI9",2017-12-14 20:15:09,0.0,0.0,1.0,0.0,0
458,@nytimes,RT @dougmillsnyt: .@realDonaldTrump stands next to a stack of papers after announcing ‚ÄúWe will get rid of the redundancy and duplication th‚Ä¶,2017-12-14 20:12:26,0.0,0.0,1.0,0.0,0
459,@nytimes,Thousands of the Interior Department‚Äôs employees reported that they had experienced harassment or intimidation at w‚Ä¶ https://t.co/dPGzxt6OVa,2017-12-14 20:00:20,-0.743,0.0,0.704,0.296,0
460,@nytimes,The best dance of 2017 https://t.co/OLWuedRBFA,2017-12-14 19:50:11,0.6369,0.457,0.543,0.0,0
461,@nytimes,She strikes a small but noticeable figure in her red coat and beret bearing lights and the words ‚ÄúLet‚Äôs Get Lit‚Äù‚Ä¶ https://t.co/RbGdy4SSqq,2017-12-14 19:40:15,-0.1901,0.0,0.92,0.08,0
462,@nytimes,"The $150,000 was earmarked to feed inmates. Instead, this sheriff used it to invest in a get-rich-quick scheme. https://t.co/VaqngdpSyU",2017-12-14 19:30:06,0.0,0.0,1.0,0.0,0
463,@nytimes,"From ‚ÄúGame of Thrones‚Äù to ‚ÄúThis Is Us,‚Äù The Times‚Äôs TV critics each pick some of their favorite hours and half-hours https://t.co/h1Dw6Fy64a",2017-12-14 19:22:05,0.2023,0.119,0.794,0.087,0
464,@nytimes,"Extreme weather left its mark across the planet in 2016, the hottest year in recorded history https://t.co/1NNVXNvhq3",2017-12-14 19:15:11,0.0,0.0,1.0,0.0,0
465,@nytimes,"Read our spoiler-free guide to all things ""Star Wars: The Last Jedi."" Or don't. We're not your father. https://t.co/TJqo3ARbTa",2017-12-14 19:08:05,-0.5574,0.0,0.833,0.167,0
466,@nytimes,Visit the New York City that could have been in this mixed reality 360 video https://t.co/oyixpyl2To #Daily360,2017-12-14 19:00:33,0.0,0.0,1.0,0.0,0
467,@nytimes,How the net neutrality repeal could affect you https://t.co/FlkicMzUip https://t.co/awJQPRFCk1,2017-12-14 18:51:27,0.0,0.0,1.0,0.0,0
468,@nytimes,Casualties from land mines and improvised explosives increased to the highest level since a treaty banning such wea‚Ä¶ https://t.co/KhuVO8FIcr,2017-12-14 18:45:19,0.2732,0.11,0.89,0.0,0
469,@nytimes,"""The internet doesn‚Äôt have to be a corporate playground. That‚Äôs just the path we‚Äôve chosen."" https://t.co/PAO6fiPs81",2017-12-14 18:41:31,0.0,0.0,1.0,0.0,0
470,@nytimes,"The filmmaker Morgan Spurlock, known for ""Super Size Me"" and other films, revealed his own episodes of sexual misco‚Ä¶ https://t.co/tF36o1m96C",2017-12-14 18:35:06,0.5994,0.17,0.83,0.0,0
471,@nytimes,"The federal government will also no longer regulate high-speed internet delivery as if it were a utility, like phone services",2017-12-14 18:22:03,0.0772,0.115,0.783,0.101,0
472,@nytimes,"Breaking News: The FCC has scrapped net neutrality rules. Internet providers will have more power over the web, all‚Ä¶ https://t.co/ouePJKop6V",2017-12-14 18:17:03,0.0,0.0,1.0,0.0,0
473,@nytimes,"No matter how rich in love they may be, most Haitians can‚Äôt pay for a funeral. The members of this burial team help‚Ä¶ https://t.co/PCgYLUbgUP",2017-12-14 18:15:15,0.5478,0.276,0.527,0.197,0
474,@nytimes,"Orchestral horns blare! ‚ÄúStar Wars.‚Äù Opening crawl. But wait, what happened in ‚ÄúThe Force Awakens‚Äù again?‚Ä¶ https://t.co/giVhZf8opi",2017-12-14 18:00:29,0.0,0.0,1.0,0.0,0
475,@nytimes,"As Republicans prepared to roll out the $1.5 trillion tax plan, uncertainty loomed over how to pay for last-minute‚Ä¶ https://t.co/tMpM4mPiD4",2017-12-14 17:51:04,-0.4588,0.08,0.672,0.248,0
476,@nytimes,"""We work really hard to be resilient and strong. And I think it‚Äôs O.K. to recognize that we‚Äôre still grieving, and‚Ä¶ https://t.co/PItWwJNlKf",2017-12-14 17:45:13,-0.1761,0.126,0.685,0.19,0
477,@nytimes,The executive did not know that the woman he was speaking to was one of several who had accused Masterson of rape https://t.co/PWTuiDTdTf,2017-12-14 17:30:20,-0.7845,0.0,0.753,0.247,0
478,@nytimes,"Opinion: ""We don‚Äôt know what exactly Omarosa did at the White House, but we do know the No. 1 skill she brought to‚Ä¶ https://t.co/85Sq8gSxk4",2017-12-14 17:25:17,-0.4215,0.0,0.887,0.113,0
479,@nytimes,The season finale of ‚ÄúMr. Robot‚Äù was thick with reveals and reconciliations https://t.co/WW3vx9RFOF,2017-12-14 17:15:12,0.0,0.0,1.0,0.0,0
480,@nytimes,"""There's no state in America where black people recognize the horrors of turning back the clock more than the State‚Ä¶ https://t.co/CBNVd07Ww0",2017-12-14 17:00:30,-0.7096,0.0,0.763,0.237,0
481,@nytimes,RT @fmanjoo: Nevertheless she persisted https://t.co/kyql9Py8lc,2017-12-14 16:52:03,0.0,0.0,1.0,0.0,0
482,@nytimes,"For a while, Rupert Murdoch seemed invincible. Now the buyer has become a seller. https://t.co/M3uLGlVYG2",2017-12-14 16:45:10,0.4939,0.211,0.789,0.0,0
483,@nytimes,"The Texas Republican settled a lurid sexual harassment claim with $84,000 of taxpayer money. https://t.co/R0Pm9L9run",2017-12-14 16:39:57,-0.5423,0.0,0.788,0.212,0
484,@nytimes,"RT @kerrimac: ‚ÄúThey spent their lives in misery, they died in misery.‚Äù Our latest Instagram Story on https://t.co/SKJsd8KAHk is a condensed‚Ä¶",2017-12-14 16:37:08,-0.8074,0.0,0.711,0.289,0
485,@nytimes,"Best known for heading the team that produced The Times‚Äôs ‚Äúinnovation report‚Äù in 2014, A. G. Sulzberger will be the‚Ä¶ https://t.co/mMjKI1B00T",2017-12-14 16:33:16,0.6369,0.174,0.826,0.0,0
486,@nytimes,"Breaking News: A.G. Sulzberger, 37, will succeed his father as New York Times publisher, the company‚Äôs top job. He‚Ä¶ https://t.co/oWaQpmv2WE",2017-12-14 16:27:56,0.6124,0.217,0.783,0.0,0
487,@nytimes,"RT @nytgraphics: Here's what we know about the final tax bill, and how it would affect families, homeowners, businesses and more. https://t‚Ä¶",2017-12-14 16:22:14,0.0,0.0,1.0,0.0,0
488,@nytimes,"RT @nytmedia: ‚ÄúThis Is Us,‚Äù ‚ÄúHomeland,‚Äù ‚ÄúStar Wars‚Äù: This is what Disney is getting from its takeover of Fox https://t.co/jAKRec6Bh7",2017-12-14 16:15:12,0.0,0.0,1.0,0.0,0
489,@nytimes,"RT @arappeport: Promises, promises? Activists tell Susan Collins she's being duped on tax deals. ""They're lying to you!""  https://t.co/VXdd‚Ä¶",2017-12-14 16:09:08,-0.3164,0.195,0.562,0.243,0
490,@nytimes,~* iT's ThE eNd Of An ErA *~ https://t.co/OzBNAPkhIn,2017-12-14 16:00:31,0.0,0.0,1.0,0.0,0
491,@nytimes,"RT @nytopinion: Lindy West writes: ""It is with 100 percent professional certainty that I must inform you our president, Donald Trump, is a‚Ä¶",2017-12-14 15:50:10,0.25,0.087,0.913,0.0,0
492,@nytimes,The sight of evangelical voters in Alabama giving their support to Roy Moore has deeply troubled many conservative‚Ä¶ https://t.co/EBLjk0jkEi,2017-12-14 15:40:17,0.204,0.209,0.656,0.135,0
493,@nytimes,"RT @DLeonhardt: After we published a list of Trump's lies this summer, some of his supporters asked us to compare Trump to other presidents‚Ä¶",2017-12-14 15:30:19,0.0258,0.109,0.787,0.105,0
494,@nytimes,"The leader of the FCC has dismissed criticism that by pushing the net neutrality repeal, he was doing the bidding o‚Ä¶ https://t.co/EoDq9oGGFj",2017-12-14 15:25:06,-0.4404,0.0,0.879,0.121,0
495,@nytimes,Almost 600 readers wrote to us about what Jerusalem means to them. Here are some of the most evocative responses: https://t.co/LRplXaPG8q,2017-12-14 15:23:00,0.0,0.0,1.0,0.0,0
496,@nytimes,"""Their bravery changed the world,"" Samantha Bee said of the women who came forward against Roy Moore. Late-night ro‚Ä¶ https://t.co/yTjUpDiViD",2017-12-14 15:20:15,0.4939,0.144,0.856,0.0,0
497,@nytimes,"RT @amychozick: This is Rupert Murdoch‚Äôs King Lear moment, dividing up his spoils and throwing succession into question. https://t.co/ZgaxU‚Ä¶",2017-12-14 15:16:07,0.2023,0.091,0.909,0.0,0
498,@nytimes,"Police killed a 69-year-old Bronx man in his apartment. Now, questions have emerged and the family is asking why de‚Ä¶ https://t.co/MnyRo6v7C7",2017-12-14 15:10:11,-0.6705,0.0,0.809,0.191,0
499,@nytimes,Morning Briefing: Here's what you need to know to start your day https://t.co/fyCmqmKRrf https://t.co/e17PJ6oOic,2017-12-14 15:00:41,0.0,0.0,1.0,0.0,0
